7000	مسافة هذه الجولة لا تُحتسب في السجلات الرسمية (BEST، المجموع، الفتح)
7001	ما يبقى: السجلات المؤكدة حتى الآن، البطاقات، MILE (المحفظة {0})
7002	الترتيب
7003	ستشارك بهذا الاسم. بعد المشاركة، تُنشر سجلاتك المؤكدة بالعودة إلى الديار (أفضل مسافة لكل خريطة، الشخصية المستخدمة، استخدام AUTO/الانطلاق الخاطف) مع اسمك الرمزي.
7004	عند المشاركة في الترتيب يُنشر اسمك الرمزي وسجلاتك (أفضل مسافة لكل خريطة، الشخصية المستخدمة، استخدام AUTO/الانطلاق الخاطف). وإن لم تشارك، يبقى اللعب العادي وسجلاتك المحلية كما هي.
7005	الاسم الرمزي
7006	{0} حرفًا كحد أقصى. لا تُدخل اسمك الحقيقي أو أي معلومات شخصية.
7007	يلزم اسم رمزي للمشاركة
7008	شارك
7009	التالي
7010	أنت
7011	أنت: سجلات بانتظار الإرسال
7012	أنت: لا سجلات بعد
7013	بانتظار الإرسال
7014	جارٍ الإرسال…
7015	أعد الإرسال
7016	جارٍ التحميل…
7017	تعذّر تحميل الترتيب. تحقق من الاتصال
7018	أعد المحاولة
7019	لا سجلات بعد
7020	تحديث
7021	إلغاء المشاركة
7022	عند انقطاع الاتصال تبقى السجلات بانتظار الإرسال وتُرسل لاحقًا
7023	تحقق الشرط! عُد لتثبيته
7024	وضع AUTO
7025	سرعة بدء AUTO
7026	AUTO في معارك الزعماء أيضًا
7027	هجوم تلقائي
7028	تفادٍ تلقائي
7029	عندما تتجاوز سرعة الركض سرعة البدء، تُنفَّذ تلقائيًا الأفعال المضبوطة على ON فقط.
7030	الهجوم التلقائي: يهاجم الأعداء في الأمام والعوائق القابلة للكسر والزعماء.
7031	التفادي التلقائي: يقفز فوق الحفر والعوائق والجدران والأشواك. وفي معارك الزعماء أيضًا الطلقات ومناطق الهجوم.
7032	لا يتفادى هجمات الأعداء العاديين. والتفادي غير مضمون.
7033	تحكمك له الأولوية. إذا كانت معارك الزعماء على OFF فلا تحكم تلقائي أثناءها.
7034	※ خيار AUTO في معارك الزعماء أيضًا يعمل أثناء قتال الزعيم بغض النظر عن السرعة.
7035	الملف الشخصي
7036	حفظ
7037	الاسم الظاهر في الترتيب واللعب الجماعي (حتى {0} حرفًا). يمكنك اللعب دون تعيينه.
7038	لا تُدخل اسمك الحقيقي أو أي معلومات شخصية.
7039	\x20في الترتيب
7040	شخصية جديدة:\x20
