8100	সাধারণ {0} MILE + অতিরিক্ত {1} MILE = মোট {2} MILE
8101	MILE ×2 নেওয়া হয়েছে
8102	বিজ্ঞাপনমুক্ত পাস: MILE ×2 নাও
8103	বিজ্ঞাপন দেখে MILE ×2
8104	বিজ্ঞাপন শেষ পর্যন্ত দেখোনি, তাই অতিরিক্ত MILE পাওনি
8105	বিজ্ঞাপন দেখানো যায়নি। আবার চেষ্টা করো
8106	আজকের সুযোগ শেষ ({0} পরে ফিরবে)
8107	বিজ্ঞাপন শেষ পর্যন্ত দেখোনি, তাই টানা যায়নি (সুযোগ কমেনি)
8108	বিজ্ঞাপন দেখানো যায়নি (সুযোগ কমেনি)
8109	{0} ঘণ্টা {1} মিনিট
8110	{0} মিনিট
8111	ফ্রিতে 1 বার টানো (পাস)
8112	বিজ্ঞাপন দেখে 1 বার টানো
8113	আজ আর {0} বার
8114	পরের রিফিল {0} পরে
8115	বিজ্ঞাপন পাওয়া যাচ্ছে না
8116	বিজ্ঞাপন দেখানো হচ্ছে
8117	বিজ্ঞাপন তৈরি হচ্ছে। একটু পরে আবার চেষ্টা করো
8118	বিজ্ঞাপনমুক্ত পাস (এককালীন কেনা)
8119	সুবিধা
8120	1. Game Over-এর পর আর বিজ্ঞাপন আসবে না
8121	2. সফলভাবে পালানো রানে বিজ্ঞাপন না দেখেই MILE ×2 পাবে (প্রতি রানে 1 বার)
8122	3. দিনে 3 বার ফ্রিতে কার্ড টানতে পারবে (বিজ্ঞাপনে টানার সাথে একই হিসাব; জাপান সময় রাত 12টায় রিসেট)
8123	এককালীন কেনা (একবারই পেমেন্ট, কোনো নিয়মিত চার্জ নেই)
8124	・MILE ×2-এর পরিমাণ আর দিনে টানার সংখ্যা বিজ্ঞাপনের মতোই (বাড়বে না)
8125	・কেনার অধিকার তোমার স্টোর অ্যাকাউন্টের সাথে যুক্ত। ডিভাইস বদল/আবার ইনস্টলের পর "কেনাকাটা পুনরুদ্ধার" দিয়ে ফিরিয়ে আনো। এটা অগ্রগতির ডেটা (কার্ড/MILE ইত্যাদি) ফেরানো থেকে আলাদা
8126	・অফলাইনেও শেষবার যাচাই করা অবস্থায় ব্যবহার করা যায়
8127	চালু আছে
8128	পেমেন্ট শেষ হওয়ার অপেক্ষা চলছে। শেষ হলে নিজে থেকেই চালু হবে
8129	কেনা হয়েছে
8130	দাম পাওয়া যায়নি
8131	কেনো {0}
8132	যাচাই হচ্ছে…
8133	কেনাকাটা পুনরুদ্ধার
8134	বিজ্ঞাপনমুক্ত পাস চালু হয়েছে
8135	স্টোরে সংযোগ করা যায়নি। শেষবার যাচাই করা অবস্থা বহাল আছে
8136	কেনা বাতিল হওয়ায় বিজ্ঞাপনমুক্ত পাস বন্ধ হয়ে গেছে
8137	কেনা যাচাই করা যায়নি। পরের বার চালু করলে আবার যাচাই করা হবে
8138	কোনো কেনার রেকর্ড পাওয়া যায়নি
8139	কেনা বাতিল করা হয়েছে
8140	কেনা যায়নি। কিছুক্ষণ পরে আবার চেষ্টা করো
8141	স্টোর ব্যবহার করা যাচ্ছে না
8142	বিজ্ঞাপনমুক্ত পাস
8143	চালু (বিস্তারিত দেখো)
8144	বিস্তারিত ও কেনা
8145	কেনাকাটা পুনরুদ্ধার
8146	বিজ্ঞাপনের গোপনীয়তা
8147	গোপনীয়তা সেটিংস
8148	কেনার অধিকার স্টোর অ্যাকাউন্টের সাথে যুক্ত (অগ্রগতির ডেটা ফেরানো থেকে আলাদা)
