7000	এই রানের দূরত্ব অফিশিয়াল রেকর্ডে (BEST, মোট, আনলক) গোনা হবে না
7001	যা থাকবে: এ পর্যন্ত নিশ্চিত রেকর্ড, কার্ড, MILE (ওয়ালেট {0})
7002	র‍্যাঙ্কিং
7003	এই নামে যোগ দেবে। যোগ দিলে, বাড়ি ফিরে নিশ্চিত হওয়া রেকর্ড (প্রতি ম্যাপে সেরা দূরত্ব, ব্যবহৃত চরিত্র, AUTO/স্প্রিন্ট রওনার ব্যবহার) তোমার কোডনেমসহ প্রকাশ হবে।
7004	র‍্যাঙ্কিংয়ে যোগ দিলে তোমার কোডনেম ও রেকর্ড (প্রতি ম্যাপে সেরা দূরত্ব, ব্যবহৃত চরিত্র, AUTO/স্প্রিন্ট রওনার ব্যবহার) প্রকাশ হবে। যোগ না দিলেও সাধারণ খেলা ও ডিভাইসের রেকর্ড আগের মতোই চলবে।
7005	কোডনেম
7006	সর্বোচ্চ {0} অক্ষর। আসল নাম বা ব্যক্তিগত তথ্য দিও না।
7007	যোগ দিতে কোডনেম লাগবে
7008	যোগ দাও
7009	পরবর্তী
7010	তুমি
7011	তুমি: পাঠানোর অপেক্ষায় রেকর্ড আছে
7012	তুমি: এখনো কোনো রেকর্ড নেই
7013	অপেক্ষমাণ
7014	পাঠানো হচ্ছে…
7015	আবার পাঠাও
7016	লোড হচ্ছে…
7017	র‍্যাঙ্কিং লোড করা যায়নি। সংযোগ দেখে নাও
7018	আবার চেষ্টা
7019	এখনো কোনো রেকর্ড নেই
7020	রিফ্রেশ
7021	র‍্যাঙ্কিং ছাড়ো
7022	সংযোগ না থাকলে রেকর্ড অপেক্ষায় থাকে, পরে পাঠানো হয়
7023	শর্ত পূরণ! ফিরলেই নিশ্চিত হবে
7024	AUTO মোড
7025	AUTO শুরুর গতি
7026	বস লড়াইয়েও AUTO
7027	অটো আক্রমণ
7028	অটো এড়ানো
7029	দৌড়ের গতি শুরুর গতি ছাড়ালে, শুধু ON করা কাজগুলো নিজে থেকে হবে।
7030	অটো আক্রমণ: সামনের শত্রু, ভাঙা যায় এমন বাধা ও বসকে আক্রমণ।
7031	অটো এড়ানো: গর্ত, বাধা, দেয়াল ও কাঁটার ওপর দিয়ে লাফ। বস লড়াইয়ে গুলি ও আক্রমণের এলাকাও।
7032	সাধারণ শত্রুর আক্রমণ এড়ায় না। সবসময় এড়ানো যাবে এমন নয়।
7033	তোমার নিজের নিয়ন্ত্রণ আগে। বস লড়াই OFF থাকলে বস লড়াইয়ের সময় অটো চলবে না।
7034	※ বস লড়াইয়েও AUTO, বসের সঙ্গে লড়ার সময় গতি যা-ই হোক কাজ করে।
7035	প্রোফাইল
7036	সেভ
7037	র‍্যাঙ্কিং ও মাল্টিতে দেখানো নাম (সর্বোচ্চ {0} অক্ষর)। না দিলেও খেলা যাবে।
7038	আসল নাম বা ব্যক্তিগত তথ্য দিও না।
7039	\x20নম্বর
7040	নতুন চরিত্র:\x20
