2000	A ranger of the deep woods\nwith a longbow taller than himself.\nThe longer he draws, the harder it hits -\nbut up close, he has little to answer with.
2001	A young dragon knight bearing a lance\nforged from a dragon's fang.\nHe breaks every line head-on -\nbut anything that slips inside his reach\nis hard for him to answer.
2002	A warrior with the blood of dragons.\nShe needs no weapon - claws, tail and fire\nsweep everything aside.\nHer size makes her easy to hit, but hard to stop.
2003	A swift dual-wielder who chains strikes\ntogether without ever slowing down.\nSpeed and momentum are her greatest weapons.
2004	A martial artist who fights\nwith nothing but iron gauntlets.\nHe must get close - and when you strike first,\nhe strikes back harder.
2005	Twin pistols, a single sharp line of fire.\nShe wins the fight before it ever\ncloses in - but let an enemy through,\nand she has no answer for it.
2006	A sorceress who never touches the ground.\nShe rises and sinks at will,\nraining spells on whatever lies below -\nbut a single blow cuts deep.
2007	An exorcist of a mountain shrine.\nShe lays ofuda and barriers ahead,\nand the path itself turns against her foes -\nbut she is slow to strike first.
2008	A shinobi who is never where you strike.\nShe blinks through enemies with a single cut\nand is gone before they fall -\nbut she cannot take many hits.
2009	Clad in silver and gold, she wields a\ngreatsword said to fell dragons.\nHer legend, however, has yet to catch\nup with her armor.
2010	A lone swordsman who walks his own path.\nNo matter how many times he falls,\nhe rises again - because there is still\na further place to reach.
2011	A noble of the night who needs no blade.\nEvery wound he deals feeds his blood,\nand a long fight only makes him faster -\nbut he starts every battle hungry.
