8100	Base {0} MILE + Extra {1} MILE = Total {2} MILE
8101	MILE ×2 recibido
8102	Pase Sin Anuncios: recibir MILE ×2
8103	Ver anuncio para MILE ×2
8104	No viste el anuncio completo, así que no recibiste MILE extra
8105	No se pudo mostrar el anuncio. Inténtalo de nuevo
8106	No quedan tiradas hoy (se recargan en {0})
8107	No viste el anuncio completo, así que no hubo tirada (no se gastó ninguna)
8108	No se pudo mostrar el anuncio (no se gastó ninguna tirada)
8109	{0} h {1} min
8110	{0} min
8111	1 tirada gratis (Pase)
8112	1 tirada con anuncio
8113	Quedan {0} hoy
8114	Próxima recarga en {0}
8115	Anuncios no disponibles
8116	Mostrando anuncio
8117	Preparando anuncio. Espera un momento e inténtalo de nuevo
8118	Pase Sin Anuncios (pago único)
8119	Ventajas
8120	1. Sin anuncios tras el Game Over
8121	2. Recibe MILE ×2 en carreras con escape exitoso sin ver anuncios (1 vez por carrera)
8122	3. 3 tiradas de cartas gratis al día (compartidas con las de anuncios; se recargan a medianoche, hora de Japón)
8123	Pago único (pagas una vez, sin cargos periódicos)
8124	・La cantidad de MILE ×2 y las tiradas diarias son las mismas que con anuncios (no aumentan)
8125	・La compra está vinculada a tu cuenta de la tienda. Tras cambiar de dispositivo o reinstalar, usa "Restaurar compras". Es distinto de restaurar tu progreso (cartas/MILE, etc.)
8126	・Funciona sin conexión con el último estado comprobado
8127	Activo
8128	Esperando a que se complete el pago. Se activará automáticamente
8129	Comprado
8130	Precio no disponible
8131	Comprar {0}
8132	Comprobando…
8133	Restaurar compras
8134	Pase Sin Anuncios activado
8135	No se pudo conectar con la tienda. Se mantiene el último estado comprobado
8136	La compra fue revocada, así que el Pase Sin Anuncios se desactivó
8137	No se pudo verificar la compra. Se volverá a comprobar en el próximo inicio
8138	No se encontraron compras
8139	Compra cancelada
8140	No se pudo comprar. Inténtalo más tarde
8141	Tienda no disponible
8142	Pase Sin Anuncios
8143	Activo (ver detalles)
8144	Detalles y compra
8145	Restaurar compras
8146	Privacidad de anuncios
8147	Ajustes de privacidad
8148	La compra está vinculada a tu cuenta de la tienda (distinto de restaurar tu progreso)
