5000	Jugad con dispositivos en la misma Wi-Fi o con el punto de acceso de un móvil (máx. 8 jugadores).
5001	Juega por internet con gente de otros lugares (máx. 8 jugadores).
5002	Conectando al servicio online…
5003	Crea una sala. Aparecerá en «FIND GAME» online.
5004	Busca salas online y únete.
5005	Creando sala…
5006	No se pudo crear la sala. Revisa tu conexión y vuelve a intentarlo
5007	Salas online
5008	No se pudo conectar. Vuelve a intentarlo
5009	Conectando…
5010	Buscando salas online…
5011	Crea una sala con «CREATE GAME» o espera un poco y vuelve a buscar.
5012	Revisa tu conexión
5013	Comprueba que tienes internet y vuelve a intentarlo. LOCAL PLAY (misma Wi-Fi) sigue disponible.
5014	Salas cercanas
5015	(lo decide el HOST)
5016	Lo decide el HOST (se sincroniza al iniciar la Run)
5017	tú
5018	Visible en «FIND GAME» online
