3012	SE ACERCA UN JEFE
3013	MIRADA PETRIFICANTE
3014	REPTADOR DE CUEVAS
3015	FURIA DEL DRAGÓN CAVERNARIO
3016	CAVERNA ABISAL
3017	ZONA MORTAL DEL ESCORPIÓN
3018	CACERÍA SUBTERRÁNEA
3019	DERRUMBE
3020	ROMPETIERRAS
3021	PRISIÓN DE CRISTAL
3022	CACERÍA DE ECOS
3023	VIEJA
3024	REPARADA
3025	MECÁNICA
3026	MÁGICA
3027	TOCADA POR LA MUERTE
3028	TODO
3029	ATAQUE
3030	DEFENSA
3031	APOYO
3032	ESPECIAL
3035	ESCAPE DISPONIBLE
3036	PROGRAMACIÓN
3038	DISEÑO DE JUEGO
3040	ARTE / DISEÑO
3042	AGRADECIMIENTOS ESPECIALES
3043	TÚ
3045	JUGADOR
3047	MULTIJUGADOR
3048	JUEGO LOCAL
3049	CREAR PARTIDA
3050	BUSCAR PARTIDA
3051	MODO
3052	Silenciar todo
3053	JUICIO DEL TITÁN
3054	PULSO CELESTIAL
3055	TRAVESÍA DEL LEVIATÁN
3056	CACERÍA CELESTE DE FENRIR
3057	FORTALEZA CELESTE
3058	RENACER DEL FÉNIX
3059	TORMENTA DE LA SERPIENTE CELESTE
3060	APOCALIPSIS DEL TRUENO
3061	PRÁCTICA
3062	Cartas de personaje de {0}
