531	ویژهٔ باد
532	ویژهٔ باس
533	ویژهٔ EXP
534	ویژهٔ MILE
535	چالش‌های زیاد
536	همهٔ حمله‌های اضافه (آزمون بار)
537	ترکیب معمولی
538	ویژهٔ حمله
539	ریسک شدید (فدا کردن HP)
540	ضدحملهٔ سپر
541	OVERDRIVE
542	جلوهٔ کوچک تقویتی هنگام ضربه
543	ردّ تصویر قوی‌تر در سرعت بالا
544	هالهٔ خون هنگام شفا
545	جلوهٔ قوی‌تر زنده شدن / مزیت اضافهٔ کوچک
546	جلوهٔ ویژه هنگام فعال شدن
547	صحنهٔ پایانی حرکت ویژه/هالهٔ ویژه/جلوهٔ تقویت/جلوهٔ پایانی (آسیب را بالا نمی‌برد)
548	تحت تعقیب! یک فراری جایزه‌دار ظاهر شد
549	جایزه!
550	COMBO!
551	به مدت {0} ثانیه
552	{0}m بعدی
553	FINAL EVOLUTION: تولد دوباره
554	فرصت آخر
555	نفس تازه
556	ققنوس
557	دمش را کوبید و خشکش زد! فرصت حمله!
558	چشم‌هایش ضعیف شد! سر نقطه‌ضعف است!
559	سرش پایین آمد! فرصت طولانی برای ضدحمله!
560	بپر!
561	پایین برو!
562	جادویش تمام شد! فرصت طولانی برای حمله!
563	وارونه شد! فرصت بزرگ!
564	دمش در زمین گیر کرد! فرصت حمله!
565	گیج شده! فرصت حمله!
566	گرزش گیر کرد! فرصت حمله!
567	سرش روی زمین ماند! فرصت حمله!
568	هسته آشکار شد! شکستنش آسان است!
569	به زمین خورد! فرصت حمله!
570	تنظیم کارت‌ها ▶
571	<color=#FFD866><b>کارت‌های شخصیت</b></color>
572	<color=#8890A0>(خالی)</color>
573	قفل
574	شرط باز شدن:
575	[اصلی]
576	[فرعی]
577	سرعت حرکت
578	قدرت حمله
579	قدرت پرش
580	تعداد پرش
581	HP بیشینه
582	برد حمله
583	سرعت حمله
584	قدرت حملهٔ هوایی
585	سپر
586	EXP دریافتی
587	احتمال جذب
588	مقدار جذب
589	نرخ ظهور دشمن
590	قدرت حملهٔ زمینی
591	قدرت ضربهٔ پایانی
592	قدرت ضربهٔ اول
593	حمله در آستانهٔ مرگ
594	حمله با HP کامل
595	حمله هنگام شتاب
596	حمله به باس
597	HP دشمن
598	HP باس
599	MILE دریافتی
600	MILE باس
601	احتمال سوختن
602	قدرت سوختن
603	مدت سوختن
604	احتمال سرما
605	کندی سرما
606	مدت سرما
607	انباشت تا انجماد
608	مدت انجماد
609	احتمال صاعقه
610	قدرت صاعقه
611	تعداد زنجیره
612	برد زنجیره
613	احتمال تیغ باد
614	قدرت تیغ باد
615	تعداد نفوذ
616	برد تیغ باد
617	احتمال خونریزی
618	قدرت خونریزی
619	مدت خونریزی
620	جذب خونریزی
621	خونریزی قوی‌تر در آستانهٔ مرگ
622	سرعت حملهٔ اصلی
623	برد مؤثر حمله
624	HP بیشینه (قلب)
625	قلب‌های مهرشده
626	حملهٔ هوایی
627	حملهٔ زمینی
628	ضربهٔ اول
629	میان زنجیره
630	ضربهٔ پایانی
631	حمله به باس
632	حمله به دشمنان عادی
633	حمله به دشمنان هوایی
634	حملهٔ پایین/کوبش
635	حمله با HP کامل
636	حمله با HP 50% یا کمتر
637	حمله با HP 25% یا کمتر
638	سرعت حمله با HP کم
639	احتمال جذب با HP 25% یا کمتر
640	حمله به ازای هر مهر
641	حمله به ازای هر ضربه
642	حمله به ازای هر ضربهٔ هوایی
643	حمله در 150km/h
644	حمله در OVERDRIVE
645	سرعت حمله در OVERDRIVE
646	حداکثر Shield
647	بازیابی Shield (ثانیهٔ کمتر)
648	مقدار شفا (قلب)
649	احتمال حملهٔ اضافه
650	آسیب‌ناپذیری پس از ضربه (ثانیه)
651	کاهش عقب‌رانده‌شدن
652	سرعت عمل دشمنان
653	احتمال نخبه
654	MILE گنج و جایزه
655	MILE مسافت
656	EXP مسافت
657	EXP شکست
658	دفعات تا انجماد
659	قدرت صاعقه
660	توقف صاعقه (ثانیه)
661	برد صاعقه (m)
662	سرعت تیغ باد
663	Lv اثر
664	در حال استفاده، تبدیل ممکن نیست
665	موجود x{0}
666	برای جزئیات روی کارت بزن
667	[کارت شخصیت دیگر]
668	این کارت در حال استفاده است. اول آن را بردار.
669	: تبدیل به {CardConvertMile} MILE؟
670	دستهٔ فعلی به
671	چیدمان پیشنهادی تغییر کند؟
672	همهٔ کارت‌ها از دسته
673	برداشته شوند؟
674	اژدها پایین آمد! فرصت ضدحمله!
675	مرحلهٔ آخر!
676	BREAK!
677	شارژ آتش اژدها
678	گوی آتشین عظیم دوزخ
679	آتش {0}% {1}/s {2}s
680	یخ {0}% -{1}% {2}s انجماد {3} بار/{4}s
681	صفر مطلق Lv{0}
682	صاعقه {0}% {1} زنجیره {2} برد {3}m توقف {4}s
683	باد {0}% {1} نفوذ+{2} {3}m
684	خون {0}%{1}
685	کارت جدید
686	تکراری
687	(AWAKENED، نگه‌داری)
688	→ با ادغام MASTERY +1
689	برای بعدی بزن ({0} کارت مانده)
690	برای بستن بزن / برای کشیدن دوباره روی گاچا بزن
691	بعدی
692	OK
693	MILE کافی نیست
694	مکث ― اطرافت را ببین و بعد ادامه بده
695	هر وقت آماده بودی ادامه بده
696	GO!
697	تازه باز شد:
698	آماده
699	سرعت
700	شتاب!
701	فقط دلیل توقف انتظار انتخاب باقی مانده بود
702	فقط دلیل توقف منوی مکث باقی مانده بود
703	آهسته‌شدن صحنهٔ ورود باس بیش از حد طول کشید
704	فقط آهسته‌شدن صحنهٔ ورود باس باقی مانده بود
705	جایزهٔ باس
706	ارتقای سطح
707	در انتظار انتخاب بود ولی صفحهٔ انتخاب نبود → دوباره نمایش داده شد ({0}، بار {1}، ok={2})
708	در انتظار انتخاب بود ولی صفحه نمایش داده نشد → بدون انتخاب حل شد ({0})
709	صفحهٔ انتخاب نادرست باز بود → بسته شد و {0} دوباره نمایش داده شد
710	BEST
711	مسافت
712	II
713	مرحله:
714	دور جدید
715	بازی تمام شد!
716	شکست
717	زمان
718	دشمنان شکست‌خورده
719	باس‌های شکست‌خورده
720	پاداش
721	BONUS ZONE
722	پاداش حلقه
723	مجموع EXP
724	ارتقاهای کسب‌شده
725	مجموع MILE
726	دشمنان / باس‌ها
727	مجموع EXP / ارتقاها
728	از دست رفت: MILE این دور {0}
729	باقی می‌ماند: رکورد مسافت BEST (رکورد جدید!)، مسافت کل
730	باقی می‌ماند: رکورد مسافت BEST، مسافت کل
731	کارت‌ها و MILE تو (کیف پول {0})
732	HP
733	مهر {0}
734	سپر {0}
735	MAX
736	ادغام Lv.{0}  {1} توانایی
737	فقط سرعت x{0} (فاصلهٔ چیدمان تغییر نمی‌کند)
738	دستیار ON
739	دستیار OFF
740	اخیر:{0} ({1})
741	ناممکن:{0}
742	موانع:{0} شکستن{1}/پرش{2}/ناممکن{3}
743	{0} سنجش {1}km/h (ON≧{2}/OFF<{3}){4}{5}
744	پس‌زمینه: {0}
745	[پیش‌نمایش]
746	بارگذاری {0} تصویر {1}MB
747	پس‌زمینه◀
748	پس‌زمینه▶
749	گذار
750	عادی
751	به مرز
752	تنظیمات
753	میدان نبرد
754	میدان نبرد (قفل)
755	میدان نبرد هنوز باز نشده
756	شرط باز شدن: {0}
757	DEBUG
758	دور فعلی و MILE تأییدنشده
759	کنار گذاشته می‌شوند. مطمئنی؟
760	کنار گذاشتن و دور جدید
761	لغو
762	ادامه
763	بازگشت به خانه
764	به اتاق خانه برمی‌گردی.
765	دور تمام نمی‌شود و می‌توانی
766	بعداً از همین‌جا ادامه دهی.
767	این کارت جای دیگری استفاده می‌شود
768	{0} قابل تجهیز نیست: با بقیهٔ کارت‌های شخصیت از Lv{1} بیشتر می‌شود (مازاد اثر ندارد)
769	توجه: {0} با بقیهٔ کارت‌های شخصیت از Lv{1} بیشتر می‌شود ({2} Lv مازاد اثر ندارد)
770	یورش باس‌ها  در حال دویدن بجنگ! هشدار نزدیک است! باس‌های باقی‌مانده را شکست بده! ABCDEFGHIJKLMNOPQRSTUVWXYZ0123456789
771	فراسو
772	سه خواهر دروگر مرگ
773	سه خواهر
774	ONE MORE MILE?
775	خشمگین!
776	یورش جادوی آسمان
777	دیو خشکش زد! فرصت حمله!
778	نسخهٔ ناهمخوان
779	در حال بازی
780	پر
781	باز
782	باس:
783	HOST
784	JOIN
785	باس
786	هدف
787	ضربهٔ آخر به باس:
788	کشتن دشمن:
789	بین دستگاه‌های متصل به یک Wi-Fi یا هات‌اسپات گوشی بازی کنید (حداکثر
790	نفر).
791	آنلاین (به‌زودی)
792	پیشرفته (ورود مستقیم IP، برای توسعه)
793	بستن
794	چندنفره {0}/{1}
795	چندنفره
796	حالت را انتخاب کن
797	با افتادن DOWN می‌شوی. همراهی (HP 2 یا بیشتر) که به جایت برسد و 1 HP بدهد زنده‌ات می‌کند. اگر همه DOWN شوند، تمام است.
798	با افتادن حذف می‌شوی (بدون زنده شدن). تا آخرین نفر ادامه دارد و رتبه با مسافت طی‌شده تعیین می‌شود.
799	CO-OP
800	VERSUS
801	روی این دستگاه اتاق بساز. در «FIND GAME» دستگاه‌های نزدیک نشان داده می‌شود.
802	اتاق‌های نزدیک را پیدا کن و بپیوند (نیازی به وارد کردن IP نیست).
803	اتاق‌های نزدیک ({0} انتخاب شده. با حالت HOST بازی می‌کنید)
804	اتصال ناموفق
805	اتصال برقرار نشد. مطمئن شو در همان Wi-Fi هستی و دوباره امتحان کن
806	اتصال ناموفق:
807	در حال اتصال… {0}
808	در حال جستجوی بازی محلی…
809	بازی‌ای پیدا نشد
810	در دستگاه HOST «CREATE GAME» را بزن و به همان Wi-Fi (هات‌اسپات) وصل شو.
811	جستجوی دوباره
812	اتاق فعلی
813	حالت: {0} (HOST تعیین می‌کند)
814	حالت: HOST تعیین می‌کند (هنگام شروع دور خودکار هماهنگ می‌شود)
815	در «FIND GAME» دستگاه‌های نزدیک نمایش داده می‌شود
816	وقتی همه آمدند: «بستن» → در → «حرکت» در انتخاب مرحله، و همه با هم در یک مرحله شروع می‌کنند.
817	وقتی HOST حرکت کند، خودکار شروع می‌شود. لطفاً صبر کن.
818	بستن اتاق
819	خروج
820	بستن (اتاق می‌ماند)
821	پیشرفته: اتصال با IP (برای توسعه)
822	به همان Wi-Fi یا هات‌اسپات گوشی وصل شوید (حداکثر {0} نفر).
823	(در دسترس نیست - تنظیمات Wi-Fi دستگاه را بررسی کن)
824	IP این دستگاه:
825	وضعیت:
826	CO-OP: با افتادن DOWN می‌شوی. همراهی (HP 2 یا بیشتر) که به جایت برسد و 1 HP بدهد زنده‌ات می‌کند. اگر همه DOWN شوند، تمام است.
827	VERSUS: با افتادن حذف می‌شوی (بدون زنده شدن). تا آخرین نفر ادامه دارد و رتبه با مسافت طی‌شده تعیین می‌شود.
828	حالت: HOST انتخاب می‌کند (هنگام شروع دور خودکار هماهنگ می‌شود)
829	پورت
830	HOST (ساخت اتاق روی این دستگاه)
831	JOIN: IP نمایش‌داده‌شده روی دستگاه HOST را وارد کن
832	بازیکنان متصل {0}/{1}
833	در → «حرکت» در انتخاب مرحله، و همهٔ بازیکنان متصل با هم در یک مرحله شروع می‌کنند.
834	بستن اتاق (پایان HOST)
835	قطع اتصال
836	چندنفره: قطع شد
837	رابط:
838	بازگشت به خانه
839	ادامهٔ دویدن
840	نتیجهٔ VERSUS
841	نتیجهٔ CO-OP
842	در انتظار حرکت HOST
843	هنوز بازیکنانی در حال دویدن‌اند
844	HOST: در انتظار بازیکنان
845	خطای راه‌اندازی
846	اتصال قبلی در حال پایان است. کمی صبر کن و دوباره امتحان کن
847	شروع HOST ممکن نشد (شاید پورت در حال استفاده است)
848	قالب نشانی IP نادرست است (مثال: 192.168.1.23)
849	در حال اتصال… {0}:{1}
850	شروع JOIN ممکن نشد
851	HOST: {0}/{1} نفر متصل
852	JOIN: اتصال برقرار شد {0}
853	اتصال چندنفره قطع شد
854	بازیکن دیگر
855	اتصالش قطع شد
856	اتصال با HOST قطع شد
857	اتصال رد شد:
858	اتاق پر است
859	دور در جریان است
860	اتصال به HOST ممکن نشد
861	خطای ارتباطی رخ داد
862	OMM-NET-
863	PS5
864	فرار
865	برای تأیید دوباره بزن
866	برای انتخاب روی کارت بزن
867	AWAKENED
868	FINAL EVOLUTION
869	تجهیزشده
870	جدید
871	قدرت Lv{d.level:0.0}{(d.def.risk ?
872	COMBO
873	شخصیت
874	دسته
875	رسیدن به {1}m در {0}
876	بهترین {0}m / {1}m
877	باختن در 1,000m یا کمتر در هر نقشه
878	باز شد:
879	شخصیت جدید:
880	از «میدان نبرد» در خانه وارد شو.
881	می‌توانی از انتخاب نقشه حرکت کنی.
882	{0} باز شد
883	{0} به تو پیوست
884	در انتخاب شخصیت قابل انتخاب است.
885	برای تو که پیوسته دویدی.
886	راه آخر گشوده شد.
887	صدا
888	(صدا در دسترس نیست)
889	کلی
890	موسیقی
891	جلوه‌های صوتی
892	صدای محیط
893	زبان / Language
894	زبان
895	نمایش با زبان انتخاب‌شده
896	مطابق زبان دستگاه
897	نمایش
898	جهت صفحه
899	افقی
900	عمودی
901	لرزش صفحه
902	جلوه‌های درخشش
903	※ نشانه‌های حملهٔ دشمن و نمایش‌های لازم برای کنترل کم‌رنگ نمی‌شوند
904	کنترل
905	(کمک خودکار در دسترس نیست)
906	کمک در سرعت بالا
907	سرعت شروع کمک
908	وقتی سرعت دویدن از این مقدار بیشتر شود، پرش از روی گودال/مانع/دشمن و
909	حمله خودکار کمک می‌شود (کنترل خودت اولویت دارد)
910	روش بازی
911	تمرین کنترل
912	تمرین حملهٔ جلو و عقب/پرش/حملهٔ پایین/پرتاب به هوا/کارت (بدون جایزه)
913	تمرین از خانه شروع می‌شود (نه در دور/چندنفره)
914	دست غول‌آسا روی سکو ماند! فرصت بزرگ!
915	هسته کم‌نور شد! شکستنش آسان است!
916	سر نزدیک است! فرصت حمله!
917	تعادلش را از دست داد! فرصت ضدحمله!
918	بازسازی شکست خورد! هسته آشکار شد!
919	شعله‌ها ضعیف شد! فرصت حمله!
920	سرش پایین از ابرها بیرون آمد! فرصت حمله!
921	هاله ناپدید شد! فرصت طولانی برای ضدحمله!
922	بار الکتریکی از بین رفت! فرصت بزرگ برای ضدحمله!
923	حرکت سریع… ({0})
924	حرکت سریع…
925	حرکت سریع  {0}
926	از بخش‌های پشت‌سرگذاشته یک‌نفس عبور کن و کمی پیش از دروازهٔ انتخابی شروع به دویدن کن. کارت‌های جایزهٔ باس‌های مسیر خودکار گرفته می‌شوند. با عبور از حلقهٔ هر 5,000m یک کارت اضافه انتخاب می‌کنی.
927	حرکت سریع تا {0}km   (حدود {1} ثانیه + حلقه‌ها){2}
928	(نسخهٔ توسعه: باز کردن همه در DEBUG روی ON است)
929	مسافت نامعتبر
930	DEBUG باز کردن همه
931	هنوز به {0}km نرسیده (بهترین {1}km)
932	نگهبان {0}km هنوز شکست نخورده
933	ادامهٔ حرکت سریع!
934	حلقه!  فعلاً کارتی برای گرفتن نیست
935	حلقه از دست رفت
936	کارت اضافه
937	حلقه!
938	فعلاً کارتی برای گرفتن نیست
939	همهٔ کارت‌های دسته به Lv9 رسیدند.
940	از این پس جایزهٔ حلقه MILE است
941	دکمه‌های جهت / بالا و پایین استیک (A = بالا / B = پایین)
942	کلیدهای ↑↓ / W・S
943	کشیدن بالا و پایین / ▲▼ پایین راست
944	حرکت سریع  →  تا پیش از دروازهٔ {0}m
945	جایزهٔ خودکار باس {0}/{1}   حلقه {2}/{3}{4}
946	همهٔ کارت‌های دسته Lv{0} MAX
947	جایزهٔ حلقه +{0} MILE
948	فعلاً کارتی برای گرفتن نیست (×{0})
949	با {0} ارتفاع را تنظیم کن و از حلقه‌ها بگذر (از دست دادنشان ضرری ندارد)
950	حرکت بالا/پایین / عبور از حلقه = +MILE
951	حرکت بالا/پایین / عبور از حلقه = کارت اضافه
952	همهٔ کارت‌های دسته Lv9 هستند. جایزهٔ حلقه MILE است
953	کلید H (یا دکمهٔ ماوس) را 3 ثانیه نگه دار
954	دکمهٔ BACK را 3 ثانیه نگه دار
955	صفحه را 3 ثانیه نگه دار
956	برای تازه‌واردها
957	اول می‌توانی کنترل‌ها را تمرین کنی (2 تا 3 دقیقه، بدون محدودیت زمانی).
958	در تمرین جایزه یا رکوردی به دست نمی‌آید.
959	بعداً هر وقت خواستی از «روش بازی» در تنظیمات تمرین کن.
960	حالا می‌توانی فرار کنی
961	{0} تا فرار کنی
962	و MILE جمع‌شده در این دور را با خودت ببری.
963	اگر از پا درآیی، MILE این دور از دست می‌رود.
964	(رکورد مسافت BEST می‌ماند)
965	ادامهٔ دویدن هم اشکالی ندارد. فرار کردن یا نکردن با خودت است.
966	MILE را با خودت آوردی!
967	MILE را در گاچای خانه خرج کن (هر بار {0} MILE).
968	کارت‌های گرفته‌شده را در دسته بگذار تا دور بعدی قوی‌تر شوی.
969	همین حالا شروع کن
970	فهمیدم
971	({0} اعلان)
972	دسته مرتب شد
973	{1} کارتی که از سقف دسته ({0} کارت) بیشتر بود از دسته برداشته شد.
974	کارت‌ها در فهرست کارت‌های موجود مانده‌اند. در ویرایش دسته جابه‌جایشان کن.
975	دسته 12 کارتی شد
976	به‌زودی
977	به راست (جلو) بکش
978	کلیدهای → / D / Z
979	دکمهٔ X (استیک راست →)
980	به چپ (عقب) بکش
981	کلیدهای ← / A / X
982	دکمهٔ Y (استیک راست ←)
983	به بالا بکش
984	کلیدهای ↑ / W / Space
985	دکمهٔ A (استیک راست ↑)
986	به پایین بکش
987	کلیدهای ↓ / S
988	دکمهٔ B (استیک راست ↓)
989	پرش
990	حملهٔ پایین
991	پرتاب به هوا → ضربهٔ هوایی
992	انتخاب کارت
993	پایان تمرین
994	شخصیت خودکار می‌دود.
995	به جلو یا عقب بکش تا در همان جهت حمله کنی.
996	جلو: {0}
997	عقب: {0}
998	به بالا بکش تا بپری.
999	در هوا دوباره به بالا بکش تا پرش دوگانه بزنی.
1000	پرش: {0}
1001	هنگام پرش به پایین بکش تا مستقیم شیرجه بزنی و حمله کنی.
1002	روی زمین محکم از آن استفاده کن.
1003	حملهٔ پایین: {0}
1004	نزدیک دشمن بپر تا با حملهٔ رو به بالا پرتابش کنی.
1005	دشمن معلق را در هوا بزن تا ضربهٔ تکمیلی بزنی.
1006	(اگر سخت است می‌توانی رد شوی)
1007	با دویدن سطحت بالا می‌رود و از 3 کارت یکی را انتخاب می‌کنی.
1008	تقویت انتخابی فقط در همان دور فعال است.
1009	این تمرین است، پس اثر فقط در همین تمرین است.
1010	اصول کنترل تمام شد.
1011	اول به باس 1,000m برس!
1012	حمله به جلو [{0}]   حمله به عقب [{1}]
1013	پرش [{0}]   پرش دوگانه [{1}]
1014	در حین پرش، دوباره به بالا
1015	بپر و بعد به پایین [{0}]
1016	اول به بالا بپر → در هوا به پایین
1017	پرتاب به هوا [{0}]   ضربهٔ هوایی [{1}]
1018	درست جلوی دشمن بپر
1019	در حین پرش به دشمن معلق رو به جلو حمله کن
1020	یک کارت انتخاب کن
1021	توقف تمرین
1022	حرکت
1023	بازگشت به خانه
1024	تمرین دوباره
1025	امتحان کن
1026	رد شدن
1027	انتخاب کن
1028	OK!
1029	چندنفره پشتیبانی نمی‌شود
1030	فعال
1031	فعلاً ممکن نیست
1032	ورود باس
1033	در حال ضربه خوردن
1034	در BONUS
1035	ULTIMATE
1036	چندنفره×
1037	برق سیاه
1038	ضربهٔ گل‌سرخ و شکوفهٔ گیلاس
1039	رقص دوگانه
1040	آتش همه‌جانبه
1041	ضربهٔ اژدهاکش
1042	جادوی برتر: نقطهٔ صفر
1043	ارباب باران
1044	مشت‌های پیاپی پرشور
1045	سایه‌های تندرو
1046	داغی مفرط
1047	پایان
1048	حصار بمباران
1049	بدون کارت فعال انتخاب‌شده ورود باس فعلاً ممکن نیست در حال ضربه خوردن در BONUS به‌زودی
1050	سه‌پرواز طوفان
1051	یورش سه‌سر
1052	فرصت!
1053	ستون‌های جهان مردگان
1054	سه برق تیغ سیاه
1055	یورش سواره
1056	مار زمین‌شکاف
1057	گرز آسمان‌شکن
1058	رقص مرگ هشت‌پا
1059	یورش تندباد
1060	خشم زمین
1061	هسته آشکار شد!
