8000	ادغام
8001	گاچا
8002	روی کارت بزن تا انتخاب شود → دوباره بزن تا تأیید شود
8003	نمای دور در حالت عمودی
8004	نمای کناری
8005	نمای مایل از بالا
8006	نمای کناری: جاده افقی رد می‌شود. زیر پا و طبقه‌های بالا و پایین خوب دیده می‌شوند
8007	نمای مایل از بالا: جاده به دوردست می‌رود. دشمن‌ها و چاله‌های جلو را زودتر می‌بینی
8008	تغییرات حین دور با بستن تنظیمات اعمال می‌شوند
8009	در دورهای حالت عمودی استفاده می‌شود
8010	وقتی صفحه عمودی است استفاده می‌شود (نمای افقی تغییر نمی‌کند)
8011	حرکت سریع
8012	→ تا پیش از دروازهٔ {0}m
8013	جایزه {0}/{1}    حلقه {2}/{3}{4}
8014	+{0} تای دیگر
8015	با {0} ارتفاع را تنظیم کن و از حلقه‌ها بگذر
8016	(از دست دادنشان ضرری ندارد)
8017	از فهرست بالا یک کارت انتخاب کن.
