8000	Fusion
8001	Gacha
8002	Touche une carte pour choisir → touche encore pour confirmer
8003	Vue de course en portrait
8004	Vue de côté
8005	Vue plongeante
8006	Vue de côté : la route défile de côté. On voit bien le sol et les étages haut/bas
8007	Vue plongeante : la route file au loin. Repère tôt ennemis et trous
8008	Les changements en course s'appliquent à la fermeture des Options
8009	Utilisé pour les courses en portrait
8010	Utilisé quand l'écran est en portrait (la vue paysage ne change pas)
8011	Départ sprint
8012	→ juste avant la porte des {0}m
8013	Récompenses {0}/{1}    Anneaux {2}/{3}{4}
8014	+{0} de plus
8015	{0} pour ajuster la hauteur et passer dans les anneaux
8016	(Les rater ne coûte rien)
8017	Choisis une carte dans la liste en haut.
