0	परम शून्य
1	जमे हुए छोटे दुश्मन टूटकर डैमेज देते हैं, ठंडे/जमे दुश्मनों पर हमला बढ़ता है (+3%/Lv)। बॉस पर जमने की जगह धीमापन और तेज़ होता है
2	एड्रेनालिन
3	HP 50% या कम पर हमले की गति बढ़ती है (+3%/Lv), HP 25% या कम पर उसका दोगुना
4	हवाई धार
5	हवा में दुश्मन को मारने पर पीछा करता वार निकलता है (Lv से ताकत और दायरा बढ़ते हैं)
6	हवाई हमला वृद्धि
7	हवा में हमले की ताकत बढ़ती है (+7%/Lv)
8	आकाश प्रभुत्व
9	हवाई हमला बढ़ता है (+3%/Lv), और बिना उतरे लगातार मारने पर और बढ़ता है (हर हिट +1%/Lv, 4 बार तक)
10	हवाई प्रहार
11	हवा में दुश्मनों (उछाले गए/उड़ने वाले/आकाशी बॉस) पर हमला बढ़ता है (+8%/Lv)
12	हमला दायरा वृद्धि
13	असल हमले का दायरा बढ़ता है (+3%/Lv)। हाथापाई में हिट क्षेत्र, प्रोजेक्टाइल में उड़ान दूरी (गोली बड़ी नहीं होती)
14	हमला गति वृद्धि
15	हमले की गति बढ़ती है (+3%/Lv)
16	हमला वृद्धि
17	हमले की ताकत बढ़ती है (+5%/Lv)
18	उन्माद वेग
19	HP 50% या कम पर हमले की ताकत (+5%/Lv) और गति (+2%) बढ़ती है, HP 25% या कम पर दोनों और बढ़ते हैं
20	उन्मादी योद्धा
21	हमले की ताकत (+6%/Lv) और गति (+1%) बढ़ती है। हर 3 Lv पर अधिकतम HP का 1 दिल सील होता है
22	रक्त धार
23	हमले से रक्तस्राव होता है (संभावना और ताकत Lv से बढ़ती है)। HP पूरा रहने तक रक्तस्राव की संभावना दोगुनी। पूरे HP पर हमला भी थोड़ा बढ़ता है (+2%/Lv)
24	रक्त उफान
25	HP 50% या कम पर हमले की ताकत बढ़ती है (+4%/Lv), HP 25% या कम पर अवशोषण की संभावना भी बढ़ती है (+3%/Lv)
26	बॉस चुनौती
27	बॉस का HP बढ़ता है (+10%/Lv), बदले में बॉस MILE बढ़ता है (+40%/Lv)
28	बॉस संहारक
29	बॉस पर हमले की ताकत बढ़ती है (+8%/Lv)
30	बॉस धावा
31	बॉस पड़ाव पर संभावना (+8%/Lv) से 1 और बॉस जुड़ता है। बॉस MILE बढ़ता है (+50%/Lv)
32	ब्रेक हमला
33	हमले की ताकत बढ़ती है (+7%/Lv)। मुख्य हमले के ठीक बाद थोड़ा धीमे हो जाते हैं
34	धधकती आत्मा
35	जलन ज़्यादा तेज़ (+8%/Lv) और लंबी (+0.25 सेकंड/Lv) होती है। थोड़ी संभावना से खुद भी जलन लगाते हैं
36	शृंखला विस्फोट
37	दुश्मन हराने पर विस्फोट होता है। विस्फोट से गिरे दुश्मन से भी विस्फोट होता है (3 बार तक, एक शृंखला में एक दुश्मन पर 1 बार)
38	शृंखला बिजली
39	गिरी बिजली पास के दूसरे दुश्मन तक फैलती है (हर 3 Lv पर +1, पहुँच भी Lv से बढ़ती है)। थोड़ी संभावना से खुद भी बिजली गिराते हैं
40	Gauge 100% पर सक्रिय (नीचे बाएँ बटन)। किरदार की खास तकनीक से स्क्रीन के दुश्मनों पर वार करते हुए बहुत आगे बढ़ते हैं (Lv1 लगभग 100m → Lv9 लगभग 200m), फिर कुछ देर बूस्ट रहता है (Lv1 5 सेकंड → Lv9 12 सेकंड)। Gauge दूरी, दुश्मन हराने और बॉस को डैमेज से भरता है
41	बाल-बाल बचे
42	चलने की गति (+2%/Lv) और चोट के बाद अजेय समय (+0.05 सेकंड/Lv) बढ़ते हैं
43	COMBO धार
44	लगातार हिट (HIT गिनती) जितनी चलें, हमले की ताकत उतनी बढ़ती है (हर हिट +0.4%/Lv, 10 हिट तक)
45	COMBO उस्ताद
46	फिनिशर वार से आगे की ओर खास झटका निकलता है (Lv से ताकत और दायरा बढ़ते हैं)
47	COMBO प्लस
48	हमले की कड़ी का आखिरी वार (फिनिशर) मज़बूत होता है (+7%/Lv)
49	COMBO धावा
50	कॉम्बो के बीच के वार मज़बूत होते हैं (+6%/Lv), और मुख्य हमले की गति भी थोड़ी बढ़ती है (+2%/Lv)
51	जवाबी वार
52	Shield से बचाव पर आसपास जवाबी झटका (Lv से ताकत बढ़ती है)। Shield न हो तो भी 1 रख सकते हैं
53	मौत का सौदा
54	हमले की ताकत बहुत ज़्यादा बढ़ती है (+12%/Lv)। हर 2 Lv पर अधिकतम HP का 1 दिल सील होता है
55	दोहरा हमला
56	हमला करने पर संभावना (+3%/Lv) से 1 अतिरिक्त वार निकलता है। अतिरिक्त वार से और नहीं निकलता
57	एलीट दुश्मन
58	कुछ छोटे दुश्मन एलीट बनते हैं (+4%/Lv। HP×2.5・थोड़े तेज़, हराने पर MILE×3/EXP×2)। MILE भी बढ़ता है (+30%/Lv)
59	जल्लाद
60	दुश्मन हराने से मिलने वाला MILE बढ़ता है (+15%/Lv)
61	EXP परिवर्तक
62	EXP घटता है (-10%/Lv, न्यूनतम 25%), बदले में दुश्मन हराने का MILE बढ़ता है (+30%/Lv)
63	EXP वृद्धि
64	मिलने वाला EXP बढ़ता है (+20%/Lv)
65	अनुभव विस्फोट
66	दुश्मन/बॉस/BONUS ZONE का EXP बहुत बढ़ता है (+80%/Lv)
67	तेज़ दुश्मन
68	छोटे दुश्मनों की चाल, पीछा और हमला तेज़ होते हैं (+4%/Lv), बदले में MILE (+15%/Lv) और हराने का EXP (+5%/Lv) बढ़ते हैं
69	पहला वार
70	हमले की कड़ी का पहला वार मज़बूत होता है (+10%/Lv)
71	अग्नि धार
72	आग की शुरुआत। हिट पर दुश्मन जलता है (संभावना 15%+5%/Lv, प्रति सेकंड 5+1.5/Lv डैमेज, 3 सेकंड)
73	अग्नि जवाबी वार
74	Shield से बचाव पर आसपास आग का जवाबी वार (Lv से ताकत बढ़ती है), लगे दुश्मन जलते हैं। Shield न हो तो भी 1 रख सकते हैं
75	किला
76	अधिकतम HP बढ़ता है (+1 दिल/Lv), चोट की लड़खड़ाहट घटती है (+5%/Lv), पर चलने की गति घटती है (-3%/Lv)
77	हिम धार
78	बर्फ़ की शुरुआत। हिट पर दुश्मन ठंडा होता है (संभावना 15%+5%/Lv, चाल 25%+2%/Lv धीमी)। ठंड जमा होने पर जम जाता है (बॉस रुकता नहीं, बहुत धीमा होता है)
79	आँधी
80	पवन-धार तेज़ (+5%/Lv), दूर (+0.4m/Lv) जाती है और ज़्यादा दुश्मनों को भेदती है (हर 3 Lv पर +1)। प्रोजेक्टाइल का भेदन भी बढ़ता है
81	दानव संहारक
82	हमले की ताकत बहुत बढ़ती है (+9%/Lv), पर हमले की गति घटती है (-3%/Lv)
83	काँच की तोप
84	हमले की ताकत बहुत बढ़ती है (+9%/Lv)। हर 2 Lv पर अधिकतम HP का 1 दिल सील होता है
85	लालच
86	चलने की गति बढ़ती है (+4%/Lv), पर दुश्मन ज़्यादा आते हैं (+8%/Lv)
87	धरती भंजक
88	पटक-वार की लैंडिंग और ज़मीनी फिनिशर से ज़मीन पर दौड़ती शॉकवेव निकलती है (Lv से ताकत और लंबाई बढ़ती है)। ज़मीनी हमला भी थोड़ा बढ़ता है (+2%/Lv)
89	ज़मीनी योद्धा
90	ज़मीन पर हमले की ताकत बढ़ती है (+7%/Lv)
91	ग्राउंड ज़ीरो
92	ज़मीन पर हमले की ताकत बहुत बढ़ती है (+11%/Lv), पर हवा में घटती है (-5%/Lv)
93	दिल तोड़
94	हमले की ताकत बढ़ती है (+4%/Lv), और हर सील दिल पर हमला +0.6%/Lv और बढ़ता है। हर 3 Lv पर अधिकतम HP का 1 दिल सील होता है
95	दिल वृद्धि
96	अधिकतम HP बढ़ता है (+1 दिल/Lv, अधिकतम 20 दिल), और HP भरता है
97	भारी कवच
98	तेज़ वार (2+ दिल) को 1 दिल हल्का करता है। अधिकतम HP भी बढ़ता है (हर 2 Lv पर +1 दिल), पर कूदने की ताकत घटती है (-3%/Lv)
99	भारी प्रहार
100	नीचे हमला/पटक/लैंडिंग का झटका मज़बूत होता है (+10%/Lv)। फिनिशर भी थोड़ा बढ़ता है (+3%/Lv)
101	नरक मोड
102	छोटे दुश्मनों का HP (+12%/Lv), चाल (+4%/Lv) और आगमन (+8%/Lv) बढ़ते हैं, बदले में MILE (+50%/Lv) और बॉस MILE (+30%/Lv) बहुत बढ़ते हैं
103	हाई वोल्टेज
104	बिजली मज़बूत होती है (+5%/Lv)। गिरी बिजली छोटे दुश्मनों को पल भर रोकती है। बिजली गिरने की संभावना भी थोड़ी बढ़ती है (+1%/Lv)
105	झुंड
106	दुश्मन बहुत ज़्यादा आते हैं (+15%/Lv), बदले में MILE (+5%/Lv) और हराने का EXP (+5%/Lv) बढ़ते हैं
107	शिकारी
108	बॉस लड़ाई में चलना आसान। हमले का आगे/पीछे खिसकना बढ़ता है (+4%/Lv), दूर के बॉस तक पहुँचने की गति भी बढ़ती है (+3%/Lv)
109	हिम कारागार
110	जमाना आसान होता है (ज़रूरी ठंड की गिनती हर 3 Lv पर -1)। ठंड की संभावना और समय भी बढ़ते हैं
111	अग्निकांड
112	जलते दुश्मन को हराने पर आसपास आग फैलकर जलाती है (Lv से ताकत और दायरा बढ़ते हैं)। थोड़ी संभावना से खुद भी जलन लगाते हैं
113	लौह संकल्प
114	HP पूरा रहने तक हमले की ताकत बढ़ती है (+5%/Lv)। अधिकतम HP भी बढ़ता है (हर 3 Lv पर +1 दिल)
115	जंप गिनती वृद्धि
116	हवाई जंप बढ़ते हैं (+1 बार/Lv)। लगातार कूदने पर थोड़े कमज़ोर होते हैं, पर गड्ढे में गिरने पर नहीं। जादूगरनी की उड़ान ऊँचाई हर 3 Lv पर 1 स्तर बढ़ती है
117	जंप शक्ति वृद्धि
118	कूदने की ताकत बढ़ती है (+3%/Lv)। जादूगरनी ऊँचाई तेज़ी से ऊपर-नीचे कर पाती है
119	HP 1 दिल पर आते ही थोड़ी देर अजेय (1 सेकंड + 0.15 सेकंड/Lv)। HP भरकर कुछ समय बीतने तक दोबारा नहीं होता
120	आखिरी मोर्चा
121	HP 50% या कम पर हमले की ताकत बढ़ती है (+4%/Lv), HP 25% या कम पर और बढ़ती है (+4%/Lv)
122	लेवल ब्रेक
123	मिलने वाला EXP बहुत बढ़ता है (+30%/Lv)
124	लंबी धार
125	असल हमले का दायरा बहुत बढ़ता है (+5%/Lv)
126	लंबा सफ़र
127	EXP (+15%/Lv) और अधिकतम HP (हर 3 Lv पर +1 दिल) बढ़ते हैं
128	भीड़ संहारक
129	बॉस के अलावा दुश्मनों पर हमला (+5%/Lv) और हराने का MILE (+10%/Lv) बढ़ते हैं
130	संवेग
131	अभी की रफ़्तार हमले की ताकत बनती है। 100km/h पार करने पर बढ़ना शुरू, 150km/h पर अधिकतम (+4%/Lv)। उसके बाद बढ़त धीमी
132	राक्षस धावा
133	दुश्मन ज़्यादा आते हैं (+10%/Lv), बदले में EXP बढ़ता है (+15%/Lv)
134	ज़्यादा दुश्मन
135	दुश्मन ज़्यादा आते हैं (+10%/Lv)। हराने का MILE भी थोड़ा बढ़ता है (+3%/Lv)
136	पीछे मुड़ना नहीं
137	चलने की गति बहुत बढ़ती है (+5%/Lv), पर दुश्मन ज़्यादा आते हैं (+10%/Lv)
138	ONE MORE MILE
139	MILE (+50%/Lv), बॉस MILE (+50%) और EXP (+20%) बढ़ते हैं
140	115km/h या ज़्यादा बनाए रखने पर OVERDRIVE (हमला +3%/Lv, हमले की गति +2%)। धीमे होने पर खत्म। चलने की गति भी थोड़ी बढ़ती है (+2%/Lv)
141	अति-उपचार
142	हीलिंग बढ़ती है (Lv4〜6 पर +1, Lv7〜9 पर +2 दिल)। पूरे HP पर हुई हीलिंग 1 Shield बन जाती है
143	महाकोलाहल
144	छोटे दुश्मनों का HP/चाल/आगमन/एलीट और बॉस का HP सब बढ़ते हैं, बदले में MILE (+60%/Lv) और बॉस MILE (+60%/Lv) बहुत ज़्यादा बढ़ते हैं
145	पथ-खोजी
146	दौड़ी गई दूरी का EXP बढ़ता है (+20%/Lv)
147	पूर्ण रक्षा
148	Shield इस्तेमाल होने पर थोड़ी देर अजेय (0.4 सेकंड + 0.1 सेकंड/Lv)। Shield न हो तो भी 1 रख सकते हैं
149	गिरने पर एक बार पुनर्जीवन (HP Lv से 1〜5 दिल)। पुनर्जीवन के बाद यह कार्ड हट जाता है और फिर विकल्प में आता है (दोबारा लेने पर Lv1 से)
150	भेदी धार
151	हमला दुश्मनों को भेदता है। हाथापाई में लगे दुश्मन के पीछे तक (Lv से संख्या और ताकत बढ़ती है), प्रोजेक्टाइल में भेदन गिनती (हर 3 Lv पर +1)
152	परभक्षी
153	अवशोषण की संभावना बढ़ती है (+3%/Lv)। बॉस पर हमले में भी कभी-कभी अवशोषण का मौका होता है
154	तीव्र धार
155	मुख्य हमले (आगे/पीछे) की गति बढ़ती है (+5%/Lv)। ऊपर/नीचे/पटक/बड़े वार पर लागू नहीं
156	रिवर्स गियर
157	हमले की ताकत बढ़ती है (+8%/Lv), पर चलने की गति घटती है (-3%/Lv)
158	HP 30% या कम होने पर थोड़ा HP भरता है (1〜3 दिल)। एक बार होने पर दूरी का कूलडाउन (10,000m, Lv से छोटा)
159	ढाल
160	1 चोट रोकने वाला Shield। अधिकतम संख्या हर 3 Lv पर +1 (अधिकतम 3), इस्तेमाल हुए समय के साथ लौटते हैं (Lv से तेज़)
161	आघात तरंग
162	हाथापाई हिट पर आगे छोटी शॉकवेव, प्रोजेक्टाइल पर लगने की जगह के आसपास शॉकवेव (Lv से ताकत और दायरा बढ़ते हैं)
163	आकाश उस्ताद
164	हवाई हमला बढ़ता है (+4%/Lv)। हवा में हिट करने पर 1 हवाई जंप वापस मिलता है (एक उड़ान में हर 3 Lv पर 1 बार)
165	आकाश धावक
166	कूदने की ताकत (+2%/Lv) और हवाई हमला (+3%/Lv) बढ़ते हैं
167	आसमान की ओर
168	हवा में हमले की ताकत बहुत बढ़ती है (+11%/Lv), पर ज़मीन पर घटती है (-5%/Lv)
169	सोनिक धार
170	हर मुख्य हमले पर आगे एक वार उड़ता है। जितना तेज़ दौड़ें, उतना दूर, बड़ा और मज़बूत
171	गति कमी
172	चलने की गति घटती है (-4%/Lv)। सोलो में चुनने का कम कारण वाला खास कार्ड
173	गति वृद्धि
174	चलने की गति बढ़ती है (+3%/Lv)
175	लंबी राह
176	EXP (+40%/Lv) और अधिकतम HP (हर 2 Lv पर +1 दिल) बढ़ते हैं
177	वज्र स्वामी
178	बिजली का उन्नत रूप। ताकत (+4%/Lv), शृंखला (हर 3 Lv पर +1) और गिरी बिजली का आसपास का दायरा मज़बूत होते हैं
179	वज्र प्रहार
180	बिजली की शुरुआत। हिट पर बिजली गिरती है (संभावना 5%+2%/Lv, ताकत 7.5+1.5/Lv। एक दुश्मन पर 0.4 सेकंड में 1 बार तक)
181	बवंडर
182	पवन-धार जहाँ लगे वहाँ छोटा बवंडर उठकर आसपास के दुश्मनों को लपेटता है (Lv से ताकत और दायरा बढ़ते हैं)। थोड़ी संभावना से खुद भी पवन-धार छोड़ते हैं
183	मज़बूत दुश्मन
184	छोटे दुश्मनों का HP बढ़ता है (+15%/Lv), बदले में MILE (+15%/Lv) और हराने का EXP (+5%/Lv) बढ़ते हैं
185	खज़ाना शिकारी
186	खज़ाने/इनाम (BONUS ZONE के खज़ाना-ढोने वाले गॉब्लिन/सुनहरी स्लाइम/मिमिक/CLEAR/PERFECT, WANTED का इनाम) का MILE बढ़ता है (+30%/Lv)। बॉस और दूरी का MILE भी थोड़ा बढ़ता है
187	सर्वशक्तिमान
188	हमले की ताकत (+3%/Lv), अधिकतम HP (हर 2 Lv पर +1 दिल) और चलने की गति (+2%/Lv) एक साथ बढ़ाने वाला ऑलराउंड कार्ड
189	पिशाच
190	दुश्मन हराने पर संभावना (+3%/Lv) से HP 1 दिल भरता है
191	वांछित
192	तय दूरी पर इनामी अपराधी आता है (Lv से मज़बूत और बार-बार)। हराओ तो इनाम, पीछे छूटा तो वह भाग निकला। MILE बढ़ता है (+35%/Lv)
193	पवन कटर
194	हवा की शुरुआत। हिट पर आगे भेदने वाली पवन-धार उड़ती है (संभावना 10%+3%/Lv, ताकत 8+1.5/Lv)। हमले का दायरा भी थोड़ा बढ़ता है (+1%/Lv)
195	धनुर्धर
196	खींचो, साधो, भेदो
197	घने जंगल का एक धनुर्धर
198	स्नाइपर
199	ड्रैगन भालाधारी
200	आगे तोड़ो, कभी न झुको
201	भाला थामे एक युवा ड्रैगन योद्धा
202	भंजक
203	ड्रैगनवंशी
204	पंजा, पूँछ, पंख, ज्वाला
205	ड्रैगनों का खून लिए एक योद्धा।
206	बलशाली
207	दोहरी तलवार
208	तेज़ फ़ौलाद, अनंत गति
209	वार पर वार जोड़ने वाला फुर्तीला दो-तलवारबाज़
210	ज़मीनी COMBO
211	मुक्केबाज़
212	जवाब देती मुट्ठियाँ
213	लड़ने वाला एक मार्शल आर्टिस्ट
214	बंदूकबाज़
215	एक गोली, एक दूरी
216	दो पिस्तौलें, आग की एक तीखी रेखा।
217	दूरमार
218	जादूगरनी
219	ऊपर तैरो, नीचे वार करो
220	ज़मीन को कभी न छूने वाली जादूगरनी।
221	उड़न जादूगर
222	मंदिर पुजारिन
223	आगे की राह सील करो
224	पहाड़ी मंदिर की प्रेत-निवारक।
225	बंधनकर्ता
226	शिनोबी
227	ग़ायब, वार, ग़ायब
228	वह शिनोबी जो वार की जगह कभी नहीं मिलता।
229	फुर्ती
230	कुलीन महिला
231	अभी न जागी नायिका
232	चाँदी-सोने में सजी, वह थामती है एक
233	कुलीन योद्धा
234	तलवारबाज़
235	जो कभी नहीं रुकता
236	अपनी राह चलने वाला अकेला तलवारबाज़।
237	संतुलित
238	जितना लंबा, उतना मज़बूत
239	रात का कुलीन, जिसे तलवार की ज़रूरत नहीं।
240	रक्त
241	किरदार कार्ड
242	किरदार चुनें
243	चुनें
244	जीवन
245	शक्ति
246	स्टेज चुनें
247	रवाना
248	सुझाया डेक
249	सब हटाएँ
250	हाँ
251	नहीं
252	अंतिम गलियारा
253	दुश्मन: सभी स्टेज के दुश्मन मिले-जुले (मज़बूत)
254	खासियत: ढहते फ़र्श・गिरती संरचनाएँ・तैरते गलियारे
255	रास्ता: विशाल प्राचीन गलियारा → पतन → रसातल → अंतिम राह
256	प्राकृतिक गुफा
257	दुश्मन: चींटी / टिड्डा / चमगादड़ / कीड़ा
258	खासियत: चट्टानी छत・छत के काँटे・अँधेरा और मशालें
259	रास्ता: एक ही राह (ज़मीन・हवा・ज़मीन के नीचे・छत से खतरा)
260	आकाश गलियारा
261	दुश्मन: गॉब्लिन जाति + दूरी के साथ धीरे-धीरे नए
262	खासियत: चट्टान और बादलों के तैरते मंच, ऊपर आसमानी रास्ता
263	रास्ता: जितना आगे, उतना खतरा
264	बंजर मार्ग
265	दुश्मन: गॉब्लिन / पक्षी
266	बाधाएँ: पत्थर・छोटे पेड़・दीवार・टूटने वाले पेड़・विशाल पत्थर・गड्ढे
267	रास्ता: ऊपर Easy / नीचे Danger
268	आप गिर गए। "उसी शर्त पर दोबारा" से तुरंत फिर लड़ें
269	HP पूरा भर गया
270	सभी दुश्मन और उनके हमले हटा दिए (हराने के समय में नहीं गिना जाता)
271	दिया डैमेज {0}    लिया डैमेज {1}    {2} सेकंड
272	अजेय
273	≡ सेटिंग्स
274	उसी शर्त पर दोबारा
275	सब दुश्मन हटाएँ
276	होम पर
277	सब हराए  {0} सेकंड
278	विरोधी
279	विवरण
280	परिणाम
281	किरदार और कार्ड खुलकर आज़माने का अभ्यास मैदान
282	इस सेटिंग से शुरू
283	शुरू
284	ट्रायल
285	(ट्रायल)
286	खोजें
287	<color=#8ce6ff>ट्रायल</color>
288	+ जोड़ें
289	मौजूदा डेक कॉपी करें
290	किरदार कार्ड कॉपी करें
291	ट्रायल बिल्ड ({0} कार्ड)
292	सब हटाएँ
293	Lv = इस रन में लेने की गिनती (हर क्षमता अधिकतम 9)। आपके कार्ड・डेक नहीं बदलते
294	बाईं सूची में "+ जोड़ें" से कार्ड डालें। बिना कार्ड भी आज़मा सकते हैं
295	आपके कार्ड की कॉपी (फ्यूज़न Lv{0}・क्षमता {1} प्रकार)
296	डेक के {0} कार्ड ट्रायल बिल्ड में कॉपी किए (डेक नहीं बदला)
297	किरदार कार्ड के {0} कार्ड कॉपी किए (शुरुआती Lv)
298	अभ्यास निशाना
299	छोटे दुश्मन
300	बंजर मार्ग बॉस
301	गुफा बॉस
302	आकाश बॉस
303	स्थिर निशाना: हमला नहीं करता (लगने पर भी डैमेज नहीं)・गिरता नहीं। हमले जाँचने के लिए। दौड़ते समय खिलाड़ी से दूरी बनाए रखता है
304	संख्या
305	चाल की ताकत
306	चरण
307	बॉस अपनी एंट्री चाल के साथ आगे से आता है
308	गुफा/आकाश बॉस की इलाके वाली तकनीकें (गड्ढा/छत/गिरते पत्थर/आसमानी पट्टी आदि) समतल अखाड़े में मुख्य खेल से अलग दिखती हैं
309	बॉस अधिकतम 1 प्रकार (छोटे दुश्मनों के साथ ला सकते हैं)
310	विरोधी में जोड़ें
311	बॉस अधिकतम 1 प्रकार (पिछला बॉस बदल दिया)
312	मौजूदा विरोधी ({0})
313	कोई विरोधी नहीं (ऐसे ही शुरू करें तो बिना दुश्मन सिर्फ़ चाल आज़मा सकते हैं)
314	दुश्मन की ताकत: {0}km बिंदु जितनी (HP/हमला मुख्य खेल की उस दूरी जितना)
315	गति
316	रुकें (0km/h)
317	दौड़ें (मूल गति+सुधार)
318	दौड़ें (गति स्थिर)
319	सिर्फ़ अपने-आप आगे बढ़ना रुकता है (हमला/जंप/गुरुत्व/लड़खड़ाहट/दुश्मन की चाल मुख्य खेल जैसी)
320	मूल गति पर किरदार/कार्ड का गति सुधार (SPEED UP आदि) लगाकर दौड़ते हैं
321	बिना सुधार इसी गति से दौड़ते हैं (गति कार्डों का फ़र्क हटाकर तुलना के लिए)
322	अभी: मूल {0}km/h → असल {1}km/h (सुधार ×{2})
323	अजेय / HP
324	अजेय: {0}
325	HP पूरा भरें
326	अजेय होने पर भी "असल में लगने वाला डैमेज" परिणाम में दिखता है
327	नियंत्रण सहायता (सेटिंग्स की "तेज़ गति पर ऑटो सहायता" जैसी। सिर्फ़ अखाड़े में・सेटिंग नहीं बदलती)
328	OFF
329	ON
330	हमेशा (डेव)
331	सक्रिय गति {0}km/h~
332	अखाड़े में उपलब्ध नहीं: FINAL EVOLUTION / AWAKENED / Mastery / ULTIMATE गेज / लेवल अप / बॉस इनाम / BONUS ZONE (कार्ड में सिर्फ़ सामान्य Lv प्रभाव और COMBO। इनाम・रिकॉर्ड・आपके कार्ड बिल्कुल नहीं बदलते)
333	सिर्फ़ डेव वर्ज़न
334	अनदेखे दुश्मन भी चुनें: {0}
335	रैंडम स्थिर करें: {0}
336	बाधा तोड़ने में सहायता: {0}
337	गिर गए
338	सब हराए {0} सेकंड
339	समाप्त
340	लड़ाई जारी
341	इस बार: {0}
342	दिया डैमेज
343	हिट संख्या
344	हराए
345	हराने का समय
346	लिया डैमेज (घटा HP)
347	असल लिया डैमेज (अजेय/Shield सहित)
348	लड़ाई का समय
349	{0} सेकंड
350	{0} ({1} बार)
351	इस बार
352	पिछली बार
353	इस बार की शर्त: {0}
354	ट्रायल बिल्ड: {0}
355	पिछली शर्त: {0}
356	पिछला बिल्ड: {0}
357	सेटिंग बदलें
358	??? (अभी नहीं मिले)
359	स्थिर निशाना
360	{0} / {1} कार्ड / {2} / {3}km बिंदु जितना
361	कोई कार्ड नहीं
362	(आपके कार्ड की कॉपी)
363	अखाड़ा तैयार हो रहा है
364	अखाड़ा
365	मिमिक KO
366	गॉब्लिन
367	स्लाइम
368	परी
369	मिमिक
370	MILE
371	EXP
372	JACKPOT!!
373	BONUS ZONE!
374	परफ़ेक्ट:
375	JACKPOT क्लियर!
376	बोनस क्लियर!
377	JACKPOT  परफ़ेक्ट!
378	परफ़ेक्ट बोनस!
379	JACKPOT परिणाम
380	बोनस परिणाम
381	दुश्मन
382	क्लियर
383	परफ़ेक्ट
384	कुल
385	रैंडम
386	समाप्त
387	रन फिर शुरू होने तक {0}
388	मौजूदा
389	{0} वार
390	(स्थिर)
391	सामग्री वाला 1 कार्ड डेक/किरदार कार्ड में इस्तेमाल हो रहा है
392	AWAKENED (★5) हो चुका है, इसलिए Mastery और नहीं बढ़ेगा (कार्ड खर्च नहीं होगा। ★5 के बाद बचे कार्डों का उपयोग आगे जोड़ा जाएगा)
393	फ्यूज़न के बाद Lv {0} हो जाएगा, इसलिए फ्यूज़न नहीं हो सकता (अधिकतम Lv.{1})
394	क्षमताएँ {0} प्रकार हो जाएँगी, इसलिए फ्यूज़न नहीं हो सकता (अधिकतम {1} प्रकार)
395	फ्यूज़न हो रहा है
396	कार्ड कम हैं
397	<color=#ffd76a><b>[MASTERY] Lv.9 MAX का विकास</b></color>
398	मुख्य कार्ड वैसा ही रहता है (Lv.9 MAX), सिर्फ़ सामग्री कार्ड खर्च होता है।
399	मौजूदा Mastery: <color=#ffd76a>{0}</color>  {1}
400	इस फ्यूज़न में: <b>+{0} Mastery</b> (सामग्री Lv.{1} = {2} कार्ड जितना)
401	फ्यूज़न के बाद: <color=#ffd76a>{0}</color>  {1}
402	<size=19>(★{0} जितना, बचा हुआ अगले ★ में जुड़ता है)</size>
403	<size=19>★5 के बाद बचा {0} फेंका नहीं, सहेजा जाता है</size>
404	<color=#ff9a8a><size=19>सामग्री की उप-क्षमताएँ ({0} प्रकार) नहीं मिलतीं</size></color>
405	<size=19>Mastery सामान्य प्रदर्शन (हमला/गति/EXP आदि) नहीं बढ़ाता। यह विकास का रिकॉर्ड और AWAKENED की राह है।</size>
406	<color=#ff9a8a>करने पर 1 सामग्री कार्ड खर्च होगा।</color>
407	<color=#ffd76a><b>[समान नाम अपग्रेड → Lv.9 MAX] सफलता 100%</b></color>
408	फ्यूज़न Lv: Lv.{0} + Lv.{1} → <b>Lv.9 MAX</b>
409	Lv.9 से ऊपर का <b>{0}</b> फेंका नहीं, Mastery में: {1} → <color=#ffd76a>{2}</color>{3}
410	<b>मिलने वाली क्षमताएँ (बढ़त 9 तक)</b>
411	・{0} <b>×{1}</b>
412	<color=#ff9a8a>करने पर चुने 2 कार्ड खर्च होंगे (1 तैयार कार्ड Lv.9 MAX मिलेगा)।</color>
413	<color=#ffd76a><b>[समान नाम अपग्रेड] सफलता 100%</b></color>
414	फ्यूज़न Lv: Lv.{0} + Lv.{1} → <b>Lv.{2}</b>
415	<b>मिलने वाली क्षमताएँ (समान क्षमता की बढ़त जुड़ती है)</b>
416	・{0} {1}<b>×{2}</b>  <size=18>({3} ×{4})</size>
417	<color=#9fd0ff><b>[अलग नाम फ्यूज़न] परिणाम लॉटरी से तय</b></color>
418	<b>तैयार कार्ड का फ्यूज़न Lv (हर परिणाम पर)</b>
419	・दोनों सफल: Lv.{0} + Lv.{1} → <b>Lv.{2}</b>
420	・सिर्फ़ मुख्य सफल: <b>Lv.{0}</b> (सिर्फ़ मुख्य का Lv)
421	・सिर्फ़ सामग्री सफल: <b>Lv.{0}</b> (सिर्फ़ सामग्री का Lv)
422	・दोनों विफल: कोई तैयार कार्ड नहीं・<color=#ffd76a>{0} MILE</color> वापस
423	<b>मुख्य पक्ष की सभी क्षमताएँ मिलने की दर {0}%</b>
424	・{0} ×{1}  <size=18>({2} ×{3})</size>
425	<b>सामग्री पक्ष की सभी क्षमताएँ मिलने की दर {0}%</b>
426	दोनों सफल: दोनों पक्षों की सभी क्षमताएँ मिलती हैं (समान क्षमता की बढ़त जुड़ती है)
427	एक पक्ष सफल: सिर्फ़ सफल पक्ष की क्षमता・बढ़त・Lv मिलती है (विफल पक्ष का कुछ नहीं बचता)
428	सिर्फ़ सामग्री सफल हो तो सामग्री की मुख्य क्षमता तैयार कार्ड की मुख्य क्षमता बनती है
429	<size=18>(दोनों विफल पर वापसी =★{0}×Lv.{1}×{2} + ★{3}×Lv.{4}×{5})</size>
430	<color=#ff9a8a>करने पर चुने 2 कार्ड खर्च होंगे।</color>
431	यह कार्ड आपके पास नहीं है
432	डेक और किरदार कार्ड में इस्तेमाल हो रहा है, चुन नहीं सकते
433	किरदार कार्ड में लगा है, चुन नहीं सकते
434	डेक में इस्तेमाल हो रहा है, चुन नहीं सकते
435	एक जैसे 2 कार्ड चाहिए (आपके पास 1)
436	मुख्य कार्ड और सामग्री कार्ड चुनें
437	कार्ड की जानकारी लोड नहीं हो सकी
438	MASTERY बढ़ी!
439	फ्यूज़न महासफल!
440	फ्यूज़न सफल!
441	<size=21>★{0} जितना आगे बढ़े (बचा हुआ अगले ★ में जुड़ता है)</size>
442	<size=21>★5 के बाद बचा {0} सहेज लिया (आगे काम आएगा)</size>
443	<size=21>यह कार्ड AWAKENED बन गया (स्थायी रिकॉर्ड। सामान्य प्रदर्शन नहीं बदलता)</size>
444	मुख्य कार्ड (Lv.9 MAX) वैसा ही रहा, 1 सामग्री कार्ड खर्च हुआ।
445	<size=21>Mastery सामान्य प्रदर्शन (हमला/गति/EXP आदि) नहीं बढ़ाता।</size>
446	फ्यूज़न Lv.<b>{0}</b>{1}
447	<color=#ffd76a>समान नाम अपग्रेड (पक्का)</color> … दोनों की सभी क्षमताएँ मिलती हैं
448	मुख्य पक्ष ({0} Lv.{1}): {2}
449	सामग्री पक्ष ({0} Lv.{1}): {2}
450	सिर्फ़ मुख्य का Lv
451	सिर्फ़ सामग्री का Lv
452	<size=21>तैयार Lv.{0} = {1}</size>
453	<b>मुख्य क्षमता</b>
454	<b>उप-क्षमता ({0}/{1})</b>
455	कोई नहीं
456	फ्यूज़न विफल…
457	मुख्य पक्ष ({0} Lv.{1}): <color=#9aa3b8>नहीं मिला</color>
458	सामग्री पक्ष ({0} Lv.{1}): <color=#9aa3b8>नहीं मिला</color>
459	चुने गए 2 कार्ड खर्च हो गए।
460	वापस MILE  <color=#ffd76a><b><size=40>+{0}</size></b></color>
461	आपका MILE  <b>{0}</b>
462	<color=#ffd76a><b>बढ़त ×{0}→×{1}</b></color>
463	・{0} ×{1}{2}  <size=21><color=#b7bfd8>({3} ×{4})</color></size>
464	वापस
465	कार्ड फ्यूज़न
466	क्रम
467	मुख्य
468	सामग्री
469	कार्ड
470	चुना हुआ
471	फ्यूज़न करें
472	स्किप ▶▶
473	फिर फ्यूज़न
474	सूची पर वापस
475	आपका MILE  {0}
476	{0} प्रकार / कुल {1}
477	मुख्य कार्ड
478	सामग्री कार्ड
479	सभी
480	चाल
481	हमला
482	रक्षा
483	विकास
484	उपचार
485	खास
486	जोखिम
487	2 कार्ड चुनें
488	फ्यूज़न नहीं हो सकता
489	नाम
490	लेवल
491	दुर्लभता
492	संख्या
493	पास {0}  उपलब्ध<color=#{1}
494	क्षमता {0}
495	मुख्य+सामग्री
496	उपयोग में
497	<color=#ffd76a><b>{0}</b></color>  <b>{1}</b>  {2}  फ्यूज़न Lv.{3}{4}
498	मुख्य क्षमता: {0}
499	उप-क्षमता ({0}):
500	・{0}
501	उप-क्षमता: कोई नहीं
502	<size=19><color=#b7bfd8>पास {0} / उपलब्ध {1}</color></size>
503	बाईं सूची से कार्ड चुनें।
504	चुने स्लॉट (चमकता स्लॉट) में कार्ड जाता है। स्लॉट टैप कर लक्ष्य बदलें, × से हटाएँ।
505	・एक जैसे कार्ड … 100% सफलता से फ्यूज़न Lv और सभी क्षमताएँ जुड़ती हैं
506	・अलग कार्ड … मुख्य 50%/सामग्री 25% से क्षमताएँ मिलती हैं (लॉटरी)। एक पक्ष सफल हो तो सिर्फ़ उसी का Lv और क्षमताएँ बचती हैं
507	・फ्यूज़न Lv की सीमा Lv.9। एक जैसे कार्ड में Lv.9 से ऊपर का हिस्सा Mastery में जाता है (अलग कार्डों का जोड़ Lv.9 से ऊपर हो तो फ्यूज़न नहीं होता)
508	・Lv.9 MAX कार्ड में वही कार्ड मिलाने पर Mastery बढ़ता है (★5 पर AWAKENED)
509	<size=19>★5 (AWAKENED) पर पहुँच गए। ★5 के बाद बचे कार्डों का उपयोग आगे जोड़ा जाएगा (अभी फ्यूज़न में खर्च नहीं होंगे)।</size>
510	वही कार्ड ({0}) सामग्री चुनें तो सामग्री के Lv जितना Mastery बढ़ता है (Lv.1 = +1)।
511	अब सामग्री कार्ड चुनें।
512	अब मुख्य कार्ड चुनें।
513	यह कार्ड AWAKENED (★5) है
514	तैयार कार्ड मुख्य में लगा दिया। सामग्री कार्ड चुनें
515	पक्का अपग्रेड
516	AWAKENED!
517	Lv.9 MAX पहुँचे!
518	समान नाम अपग्रेड पूरा!
519	महासफल! दोनों की क्षमताएँ मिलीं
520	मुख्य की क्षमताएँ मिलीं
521	सामग्री की क्षमताएँ मिलीं
522	नहीं मिला…  कार्ड MILE में बदल गए
523	{0} पक्ष सफल!
524	{0} पक्ष विफल
525	गति फ़ोकस
526	रक्षा फ़ोकस
527	रक्त फ़ोकस
528	अग्नि फ़ोकस
529	हिम फ़ोकस
530	बिजली फ़ोकस
