0	ABSOLUTE ZERO
1	凍結した雑魚が砕けてダメージ、冷えた/凍った敵への攻撃が上がる(1Lvごとに+3%)。ボスは凍結の代わりの減速が強くなる
2	ADRENALINE
3	HP50%以下で攻撃速度が上がり(1Lvごとに+3%)、HP25%以下ではその2倍
4	AERIAL BLADE
5	空中で敵に当てると、追い斬りの斬撃が出る(Lvで威力と範囲が上がる)
6	AIR ATTACK UP
7	空中での攻撃力が上がる(1Lvごとに+7%)
8	AIR DOMINION
9	空中攻撃が上がり(1Lvごとに+3%)、着地せずに当て続けるほどさらに上がる(1回ごとに+1%/Lv、4回まで)
10	AIR STRIKE
11	空中の敵(打ち上げた敵/飛ぶ敵/空のボス)への攻撃が上がる(1Lvごとに+8%)
12	ATTACK RANGE UP
13	実効攻撃範囲が広がる(1Lvごとに+3%)。近接は判定、飛び道具は飛ぶ距離(弾は大きくならない)
14	ATTACK SPEED UP
15	攻撃速度が上がる(1Lvごとに+3%)
16	ATTACK UP
17	攻撃力が上がる(1Lvごとに+5%)
18	BERSERK DRIVE
19	HP50%以下で攻撃力(1Lvごとに+5%)と攻撃速度(+2%)、HP25%以下でさらに両方が上がる
20	BERSERKER
21	攻撃力(1Lvごとに+6%)と攻撃速度(+1%)が上がる。最大HPのハートを3Lvごとに1つ封印する
22	BLOOD BLADE
23	攻撃が出血を起こす(確率と威力がLvで上がる)。HPが満タンの間は出血の確率が2倍。満HPの攻撃も少し上がる(+2%/Lv)
24	BLOOD RUSH
25	HP50%以下で攻撃力が上がり(1Lvごとに+4%)、HP25%以下では吸収の確率も上がる(+3%/Lv)
26	BOSS CHALLENGE
27	ボスのHPが上がる(1Lvごとに+10%)代わりに、ボスMILEが増える(+40%/Lv)
28	BOSS KILLER
29	ボスへの攻撃力が上がる(1Lvごとに+8%)
30	BOSS RUSH
31	ボスの関門で、確率(1Lvごとに+8%)でボスがもう1体加わる。ボスMILEが増える(+50%/Lv)
32	BRAKE ATTACK
33	攻撃力が上がる(1Lvごとに+7%)。主攻撃の直後に少し減速する
34	BURNING SOUL
35	炎上が強く(1Lvごとに+8%)、長く(+0.25秒/Lv)なる。少しだけ自分でも炎上させる
36	CHAIN EXPLOSION
37	敵を倒すと爆発する。爆発で倒れた敵からも爆発が続く(3回まで、同じ連鎖で同じ敵へは1回)
38	CHAIN LIGHTNING
39	落雷が近くの別の敵へ連鎖する(3Lvごとに+1体、届く距離もLvで伸びる)。少しだけ自分でも落雷を起こす
40	Gaugeが100%で発動(左下のボタン)。キャラ固有の必殺技で画面内の敵を攻撃しながら大きく前進し(Lv1 約100m → Lv9 約200m)、しばらく強化が続く(Lv1 5秒 → Lv9 12秒)。Gaugeは距離・撃破・ボスへのダメージで溜まる
41	CLOSE CALL
42	移動速度(1Lvごとに+2%)と、被弾した後の無敵時間(1Lvごとに+0.05秒)が上がる
43	COMBO EDGE
44	連続ヒット(HIT数)が続くほど攻撃力が上がる(1ヒットごとに+0.4%/Lv、10ヒットまで)
45	COMBO MASTER
46	締めの一撃で、前方へ特殊な衝撃が出る(Lvで威力と範囲が上がる)
47	COMBO PLUS
48	攻撃の流れの最後の一撃(締め)が強くなる(1Lvごとに+7%)
49	COMBO RUSH
50	連撃の途中の攻撃が強くなり(1Lvごとに+6%)、主攻撃の攻撃速度も少し上がる(+2%/Lv)
51	COUNTER
52	Shieldで防いだ時、まわりへ反撃の衝撃(Lvで威力が上がる)。Shieldを持っていなくても1つ持てる
53	DEATH'S CONTRACT
54	攻撃力がとても大きく上がる(1Lvごとに+12%)。最大HPのハートを2Lvごとに1つ封印する
55	DOUBLE ATTACK
56	攻撃したとき、確率(1Lvごとに+3%)で追加の1撃が出る。追加の1撃からは出ない
57	ELITE ENEMIES
58	雑魚の一部が精鋭になる(1Lvごとに+4%。HP×2.5・少し速い、倒すとMILE×3/経験値×2)。MILEも増える(+30%/Lv)
59	EXECUTIONER
60	敵撃破で得られるMILEが増える(1Lvごとに+15%)
61	EXP CONVERTER
62	経験値が減る(1Lvごとに-10%、最低25%)代わりに、敵撃破のMILEが増える(+30%/Lv)
63	EXP UP
64	得られる経験値が増える(1Lvごとに+20%)
65	EXPERIENCE BURST
66	敵/ボス/BONUS ZONE の経験値が大きく増える(1Lvごとに+80%)
67	FAST ENEMIES
68	雑魚の動き・追尾・攻撃が速くなる(1Lvごとに+4%)代わりに、MILE(+15%/Lv)と撃破の経験値(+5%/Lv)が増える
69	FIRST STRIKE
70	攻撃の流れの1撃目(初撃)が強くなる(1Lvごとに+10%)
71	FLAME BLADE
72	炎の入口。命中で敵が炎上する(確率 15%+5%/Lv、1秒あたり 5+1.5/Lv のダメージ、3秒)
73	FLAME COUNTER
74	Shieldで防いだ時、まわりへ炎の反撃(Lvで威力が上がる)、当たった敵は炎上する。Shieldを持っていなくても1つ持てる
75	FORTRESS
76	最大HPが増え(1Lvごとにハート+1)、被弾ののけぞりが減る(+5%/Lv)が、移動速度が下がる(1Lvごとに-3%)
77	FROST EDGE
78	氷の入口。命中で敵が冷える(確率 15%+5%/Lv、動きが 25%+2%/Lv 遅く)。冷えが重なると凍結(ボスは止まらず強い減速)
79	GALE
80	風刃が速く(1Lvごとに+5%)、遠くへ(+0.4m/Lv)、多くの敵を貫く(3Lvごとに+1)。飛び道具の貫通も増える
81	GIANT SLAYER
82	攻撃力が大きく上がる(1Lvごとに+9%)が、攻撃速度が下がる(1Lvごとに-3%)
83	GLASS CANNON
84	攻撃力が大きく上がる(1Lvごとに+9%)。最大HPのハートを2Lvごとに1つ封印する
85	GREED
86	移動速度が上がる(1Lvごとに+4%)が、敵の出現が増える(+8%/Lv)
87	GROUND BREAKER
88	叩きつけの着地と地上の締めで、地面を走る衝撃波が出る(Lvで威力と長さが上がる)。地上攻撃も少し上がる(+2%/Lv)
89	GROUND FIGHTER
90	地上での攻撃力が上がる(1Lvごとに+7%)
91	GROUND ZERO
92	地上での攻撃力が大きく上がる(1Lvごとに+11%)が、空中では下がる(1Lvごとに-5%)
93	HEART BREAKER
94	攻撃力が上がり(1Lvごとに+4%)、封印したハート1つごとにさらに攻撃+0.6%/Lv。最大HPのハートを3Lvごとに1つ封印する
95	HEART UP
96	最大HPが増え(1Lvごとにハート+1、最大ハート20)、HPが回復する
97	HEAVY ARMOR
98	強い一撃(ハート2つ以上)をハート1つ軽くする。最大HPも増える(2Lvごとにハート+1)が、ジャンプ力が下がる(1Lvごとに-3%)
99	HEAVY IMPACT
100	下攻撃/叩きつけ/着地の衝撃が強くなる(1Lvごとに+10%)。締めの一撃も少し上がる(+3%/Lv)
101	HELL MODE
102	雑魚のHP(+12%/Lv)・動き(+4%/Lv)・出現(+8%/Lv)が上がる代わりに、MILE(+50%/Lv)とボスMILE(+30%/Lv)が大きく増える
103	HIGH VOLTAGE
104	雷が強くなる(1Lvごとに+5%)。落雷は雑魚を一瞬止める。落雷の確率も少し上がる(+1%/Lv)
105	HORDE
106	敵の出現が大きく増える(1Lvごとに+15%)代わりに、MILE(+5%/Lv)と撃破の経験値(+5%/Lv)が増える
107	HUNTER
108	ボス戦で動きやすくなる。攻撃の前進/後退が伸び(1Lvごとに+4%)、遠いボスへ近づく速さも上がる(+3%/Lv)
109	ICE PRISON
110	凍結しやすくなる(必要な冷えの回数が3Lvごとに-1)。冷えの確率と時間も上がる
111	INFERNO
112	燃えている敵を倒すと、まわりへ炎が広がり炎上させる(Lvで威力と範囲が上がる)。少しだけ自分でも炎上させる
113	IRON WILL
114	HPが満タンの間、攻撃力が上がる(1Lvごとに+5%)。最大HPも増える(3Lvごとにハート+1)
115	JUMP COUNT UP
116	空中ジャンプが増える(1Lvごとに+1回)。続けて跳ぶほど少し弱くなるが、穴に落ちた時は弱くならない。魔法使いは上がれる高さが3Lvごとに1段増える
117	JUMP POWER UP
118	ジャンプ力が上がる(1Lvごとに+3%)。魔法使いは高度の上下が速くなる
119	HPがハート1つになった瞬間、短い無敵になる(1秒+1Lvごとに0.15秒)。HPが回復してしばらくたつまで次は出ない
120	LAST STAND
121	HP50%以下で攻撃力が上がり(1Lvごとに+4%)、HP25%以下でさらに上がる(+4%/Lv)
122	LEVEL BREAK
123	得られる経験値が大きく増える(1Lvごとに+30%)
124	LONG BLADE
125	実効攻撃範囲が大きく広がる(1Lvごとに+5%)
126	LONG HAUL
127	経験値(1Lvごとに+15%)と最大HP(3Lvごとにハート+1)が増える
128	MOB KILLER
129	ボス以外の敵への攻撃(1Lvごとに+5%)と、敵撃破のMILE(1Lvごとに+10%)が上がる
130	MOMENTUM
131	今の速さが攻撃力になる。100km/hを超えると上がり始め、150km/hで最大(1Lvごとに+4%)。その先は伸びが鈍い
132	MONSTER RUSH
133	敵の出現が増える(1Lvごとに+10%)代わりに、経験値が増える(+15%/Lv)
134	MORE ENEMIES
135	敵の出現が増える(1Lvごとに+10%)。敵撃破のMILEも少し増える(+3%/Lv)
136	NO TURNING BACK
137	移動速度が大きく上がる(1Lvごとに+5%)が、敵の出現が増える(+10%/Lv)
138	ONE MORE MILE
139	MILE(1Lvごとに+50%)・ボスMILE(+50%)・経験値(+20%)が増える
140	115km/h以上を続けるとOVERDRIVE(攻撃 1Lvごとに+3%、攻撃速度 +2%)。遅くなると解除。移動速度も少し上がる(1Lvごとに+2%)
141	OVERHEAL
142	回復量が増える(Lv4〜6で+1、Lv7〜9で+2ハート)。満タンで回復した分はShield1つになる
143	PANDEMONIUM
144	雑魚のHP/動き/出現/精鋭、ボスのHPがすべて上がる代わりに、MILE(+60%/Lv)とボスMILE(+60%/Lv)がとても大きく増える
145	PATHFINDER
146	走った距離の経験値が増える(1Lvごとに+20%)
147	PERFECT GUARD
148	Shieldを使った時、短い無敵になる(0.4秒+1Lvごとに0.1秒)。Shieldを持っていなくても1つ持てる
149	倒れた時に一度だけ復活(HPはLvで ハート1〜5)。復活するとこのカードは外れ、また候補に出る(取り直しはLv1から)
150	PIERCING BLADE
151	攻撃が敵を貫く。近接は当てた敵の後ろへ(Lvで数と威力が上がる)、飛び道具は貫通の回数(3Lvごとに+1)
152	PREDATOR
153	吸収の確率が上がる(1Lvごとに+3%)。ボスへの攻撃でも、時々吸収の判定がある
154	RAPID EDGE
155	主攻撃(前/後)の攻撃速度が上がる(1Lvごとに+5%)。上/下/叩きつけ/大技には掛からない
156	REVERSE GEAR
157	攻撃力が上がる(1Lvごとに+8%)が、移動速度が下がる(1Lvごとに-3%)
158	HPが30%以下に落ちた時、HPを少し回復(ハート1〜3)。一度出ると距離のクールダウン(10,000m、Lvで短く)
159	SHIELD
160	被弾を1回防ぐShield。最大数は3Lvごとに+1(最大3)、使った分は時間で戻る(Lvで速くなる)
161	SHOCKWAVE
162	近接の命中で前方へ短い衝撃波、飛び道具は着弾点のまわりに衝撃波(Lvで威力と範囲が上がる)
163	SKY MASTER
164	空中攻撃が上がる(1Lvごとに+4%)。空中で当てると空中ジャンプを1回取り戻す(1回の滞空で3Lvごとに1回)
165	SKY RUNNER
166	ジャンプ力(1Lvごとに+2%)と空中攻撃(1Lvごとに+3%)が上がる
167	SKYBOUND
168	空中での攻撃力が大きく上がる(1Lvごとに+11%)が、地上では下がる(1Lvごとに-5%)
169	SONIC BLADE
170	主攻撃のたびに前方へ斬撃が飛ぶ。速く走っているほど遠く・大きく・強くなる
171	SPEED DOWN
172	移動速度が下がる(1Lvごとに-4%)。ソロでは選ぶ理由の少ない特殊なカード
173	SPEED UP
174	移動速度が上がる(1Lvごとに+3%)
175	THE LONG ROAD
176	経験値(1Lvごとに+40%)と最大HP(2Lvごとにハート+1)が増える
177	THUNDER LORD
178	雷の上位。威力(1Lvごとに+4%)・連鎖(3Lvごとに+1体)・落雷のまわりへの範囲が強くなる
179	THUNDER STRIKE
180	雷の入口。命中で落雷が起きる(確率 5%+2%/Lv、威力 7.5+1.5/Lv。同じ敵へは0.4秒に1回まで)
181	TORNADO
182	風刃が当たった所に小さな竜巻が起き、まわりの敵を巻き込む(Lvで威力と範囲が上がる)。少しだけ自分でも風刃を出す
183	TOUGH ENEMIES
184	雑魚のHPが上がる(1Lvごとに+15%)代わりに、MILE(+15%/Lv)と撃破の経験値(+5%/Lv)が増える
185	TREASURE HUNTER
186	宝・報酬(BONUS ZONE の宝運びゴブリン/黄金スライム/ミミック/CLEAR/PERFECT、WANTED の賞金)のMILEが増える(1Lvごとに+30%)。ボスと距離のMILEも少し増える
187	ALMIGHTY
188	攻撃力(1Lvごとに+3%)・最大HP(2Lvごとにハート+1)・移動速度(1Lvごとに+2%)をまとめて上げる万能カード
189	VAMPIRE
190	敵を倒した時、確率(1Lvごとに+3%)でHPをハート1つ回復
191	WANTED
192	一定距離ごとに賞金首が現れる(Lvで強く・頻繁に)。倒せば賞金、通り過ぎれば逃げ切り。MILEが増える(+35%/Lv)
193	WIND CUTTER
194	風の入口。命中で前方へ貫通する風刃が飛ぶ(確率 10%+3%/Lv、威力 8+1.5/Lv)。攻撃範囲も少し広がる(+1%/Lv)
195	RANGER
196	引き、狙い、貫く
197	'深き森のレンジャー
198	SNIPER
199	DRAGON LANCER
200	突き破れ、決して屈するな
201	'槍を携えた若き竜騎士
202	BREAKER
203	DRAGONKIN
204	爪、尾、翼、炎
205	'竜の血を引く戦士。
206	BRUTE
207	DUAL BLADE
208	迅き刃、止まらぬ舞
209	'連撃をつなぐ俊敏な二刀使い
210	GROUND COMBO
211	BRAWLER
212	打ち返す拳
213	'戦う格闘家
214	GUNSLINGER
215	一発に、ひとつの距離
216	'二丁拳銃、一筋の鋭い射線。
217	RANGED
218	SORCERESS
219	宙に浮き、下を撃つ
220	'決して地に足をつけない魔法使い。
221	FLIGHT MAGE
222	SHRINE MAIDEN
223	行く手を封じよ
224	'山の社の祓い手。
225	SEALER
226	SHINOBI
227	消え、斬り、また消える
228	'狙った場所には決していない忍び。
229	MOBILITY
230	NOBLE LADY
231	まだ目覚めぬ英雄
232	'銀と金をまとい、彼女が振るうのは
233	NOBLE KNIGHT
234	SWORDSMAN
235	歩みを止めない者
236	'己の道を行く孤高の剣士。
237	BALANCED
238	長引くほど、強くなる
239	'刃を必要としない夜の貴族。
240	BLOOD
241	キャラカード
242	キャラクター選択
243	決定
244	ライフ
245	パワー
246	ステージ選択
247	出発
248	おすすめ編成
249	全て外す
250	はい
251	いいえ
252	LAST CORRIDOR
253	敵: 全ステージの敵が混在(強化)
254	特徴: 崩落する床・落ちてくる構造物・浮遊する回廊
255	ルート: 巨大な古代回廊 → 崩壊 → 奈落 → 最後の道
256	自然洞窟
257	敵: アリ / ホッパー / コウモリ / ワーム
258	特徴: 岩の天井・天井の針・暗がりとたいまつ
259	ルート: 一本道(地上・空中・地中・天井の脅威)
260	天空回廊
261	敵: ゴブリン系 + 距離進行で徐々に解禁
262	特徴: 岩と雲の浮遊足場、上空の道
263	ルート: 進むほど危険度が上昇
264	荒野街道
265	敵: ゴブリン / 鳥
266	障害物: 石・小木・壁・壊せる木・巨大石・穴
267	ルート: 上 Easy / 下 Danger
268	倒れました。「同条件で再戦」ですぐやり直せます
269	HPを全回復しました
270	敵と敵の攻撃を全部消しました(撃破の時間には数えません)
271	与ダメージ {0}    被ダメージ {1}    {2}秒
272	無敵
273	≡ 設定
274	同条件で再戦
275	敵を全削除
276	ホームへ
277	全滅  {0}秒
278	相手
279	詳細
280	結果
281	キャラやカードを自由に試せる練習場
282	この設定で開始
283	開始
284	試用
285	(試用)
286	検索
287	<color=#8ce6ff>試用</color>
288	+ 追加
289	今のデッキをコピー
290	キャラカードをコピー
291	試用のビルド({0}枚)
292	全部外す
293	Lv = このランで取った回数(能力ごとに最大9)。所持・デッキは変わりません
294	左の一覧の「+ 追加」でカードを入れます。カードなしでも試せます
295	所持のコピー(合成Lv{0}・能力{1}種)
296	デッキの{0}枚を試用のビルドへコピーしました(デッキは変わりません)
297	キャラカードの{0}枚をコピーしました(開始時のLv)
298	練習標的
299	雑魚
300	荒野のボス
301	洞窟のボス
302	天空のボス
303	動かない標的: 攻撃もしない(当たってもダメージなし)・倒れない。攻撃の確認に。走っている時はプレイヤーとの間合いを保ちます
304	数
305	動きの強さ
306	段階
307	ボスは自分の登場の動きで前から現れます
308	洞窟/天空のボスの地形を使う技(穴/天井/落石/空の帯など)は、平らな闘技場では本編と出方が違います
309	ボスは1種類まで(雑魚と一緒に出せます)
310	相手に加える
311	ボスは1種類まで(前のボスと入れ替えました)
312	今の相手({0})
313	相手がいません(このまま始めると敵なしで動きだけ試せます)
314	敵の強さ: {0}km地点相当(HP/攻撃が本編のその距離と同じ)
315	速度
316	止まる(0km/h)
317	走る(基準速度+補正)
318	走る(速度を固定)
319	自動の前進だけが止まります(攻撃/ジャンプ/重力/のけぞり/敵の動きは本編どおり)
320	基準の速度に、キャラ/カードの速さの補正(SPEED UP など)を掛けた速さで走ります
321	補正を掛けず、この速さのまま走ります(速さのカードの違いを除いて比べる時に)
322	今: 基準 {0}km/h → 実際 {1}km/h(補正 ×{2})
323	無敵 / HP
324	無敵: {0}
325	HPを全回復
326	無敵の時も「本来受けたダメージ」は結果に出ます
327	操作アシスト(設定の「高速時の自動補助」と同じ。闘技場の中だけ・設定は変わりません)
328	OFF
329	ON
330	常時(開発版)
331	働く速さ {0}km/h~
332	闘技場では未対応: FINAL EVOLUTION / AWAKENED / Mastery / ULTIMATE のゲージ / レベルアップ / ボス報酬 / BONUS ZONE(カードは通常の Lv の効果と COMBO だけ。報酬・記録・所持は一切変わりません)
333	開発版だけ
334	未遭遇の敵も選ぶ: {0}
335	乱数を固定: {0}
336	障害物を壊す補助: {0}
337	倒れた
338	全滅 {0}秒
339	終了
340	戦闘中
341	今回: {0}
342	与ダメージ
343	命中数
344	撃破数
345	撃破までの時間
346	被ダメージ(HPが減った分)
347	本来の被ダメージ(無敵/Shield も含む)
348	戦闘時間
349	{0}秒
350	{0}({1}回)
351	今回
352	前回
353	今回の条件: {0}
354	試用のビルド: {0}
355	前回の条件: {0}
356	前回のビルド: {0}
357	設定を変更
358	？？？(まだ会っていない)
359	動かない標的
360	{0} / カード{1}枚 / {2} / {3}km地点相当
361	カードなし
362	(所持のコピー)
363	闘技場を準備中
364	ARENA
365	MIMIC KO
366	GOBLIN
367	SLIME
368	FAIRY
369	MIMIC
370	MILE
371	EXP
372	JACKPOT!!
373	BONUS ZONE!
374	PERFECT:
375	JACKPOT CLEAR!
376	BONUS CLEAR!
377	JACKPOT  PERFECT!
378	PERFECT BONUS!
379	JACKPOT RESULT
380	BONUS RESULT
381	敵
382	CLEAR
383	PERFECT
384	合計
385	ランダム
386	終了
387	ラン再開まで {0}
388	現行
389	{0}発
390	(固定)
391	素材にする1枚がデッキ/キャラクターカードで使用中です
392	AWAKENED(★5)済みのため、これ以上Masteryは進みません(カードは消費しません。★5後の余ったカードの使い道は今後追加します)
393	合成後のLvが{0}になるため合成できません(上限Lv.{1})
394	能力が{0}種類になるため合成できません(上限{1}種類)
395	合成処理中です
396	カードが不足しています
397	<color=#ffd76a><b>【MASTERY】 Lv.9 MAX の育成</b></color>
398	メインカードはそのまま残り(Lv.9 MAX)、素材カードだけを消費します。
399	今の Mastery: <color=#ffd76a>{0}</color>  {1}
400	今回の合成: <b>+{0} Mastery</b>(素材 Lv.{1} = {2}枚分)
401	合成後: <color=#ffd76a>{0}</color>  {1}
402	<size=19>(★{0}つ分、余りは次の★へ繰り越し)</size>
403	<size=19>★5 の後に余る {0} は捨てずに保管します</size>
404	<color=#ff9a8a><size=19>素材のサブ能力({0}種)は引き継がれません</size></color>
405	<size=19>Mastery は通常の性能(攻撃/速度/EXP など)を上げません。育成の記録と AWAKENED への道のりです。</size>
406	<color=#ff9a8a>実行すると、素材カード1枚が消費されます。</color>
407	<color=#ffd76a><b>【同名強化 → Lv.9 MAX】 成功率 100%</b></color>
408	合成Lv: Lv.{0} + Lv.{1} → <b>Lv.9 MAX</b>
409	Lv.9 を超える <b>{0}</b> は捨てずに Mastery へ: {1} → <color=#ffd76a>{2}</color>{3}
410	<b>継承する能力(強化量は9まで)</b>
411	・{0} <b>×{1}</b>
412	<color=#ff9a8a>実行すると、選んだ2枚は消費されます(完成カード Lv.9 MAX を1枚得ます)。</color>
413	<color=#ffd76a><b>【同名強化】 成功率 100%</b></color>
414	合成Lv: Lv.{0} + Lv.{1} → <b>Lv.{2}</b>
415	<b>継承する能力(同じ能力は強化量を合算)</b>
416	・{0} {1}<b>×{2}</b>  <size=18>({3} ×{4})</size>
417	<color=#9fd0ff><b>【異名合成】 結果は抽選で決まります</b></color>
418	<b>完成カードの合成Lv(結果ごと)</b>
419	・両側成功: Lv.{0} + Lv.{1} → <b>Lv.{2}</b>
420	・メインのみ成功: <b>Lv.{0}</b>(メイン側のLvのみ)
421	・素材のみ成功: <b>Lv.{0}</b>(素材側のLvのみ)
422	・両側失敗: 完成カードなし・<color=#ffd76a>{0} MILE</color> を還元
423	<b>メイン側 能力一式 継承率 {0}%</b>
424	・{0} ×{1}  <size=18>({2} ×{3})</size>
425	<b>素材側 能力一式 継承率 {0}%</b>
426	両方成功: 両側の能力をすべて継承(同じ能力は強化量を合算)
427	片側だけ成功: 成功した側の能力・強化量・Lvだけを継承(失敗した側は残りません)
428	素材側だけ成功した場合は、素材側の主能力が完成カードの主能力になります
429	<size=18>(両側失敗の還元 =★{0}×Lv.{1}×{2} + ★{3}×Lv.{4}×{5})</size>
430	<color=#ff9a8a>実行すると、選んだ2枚は消費されます。</color>
431	このカードを所持していません
432	デッキとキャラクターカードで使用中のため選べません
433	キャラクターカードに装備中のため選べません
434	デッキで使用中のため選べません
435	同じ性能のカードが2枚必要です(所持1枚)
436	メインカードと素材カードを選んでください
437	カードの情報を読み込めません
438	MASTERY UP！
439	合成大成功！
440	合成成功！
441	<size=21>★{0}つ分進みました(余りは次の★へ繰り越し)</size>
442	<size=21>★5 の後に余った {0} は保管しました(今後の使い道に使えます)</size>
443	<size=21>このカードは AWAKENED になりました(永久の記録。通常の性能は変わりません)</size>
444	メインカード(Lv.9 MAX)はそのまま残り、素材カードを1枚消費しました。
445	<size=21>Mastery は通常の性能(攻撃/速度/EXP など)を上げません。</size>
446	合成Lv.<b>{0}</b>{1}
447	<color=#ffd76a>同名強化(確定)</color> … 両方の能力をすべて継承
448	メイン側({0} Lv.{1}): {2}
449	素材側({0} Lv.{1}): {2}
450	メイン側のLvのみ
451	素材側のLvのみ
452	<size=21>完成Lv.{0} = {1}</size>
453	<b>主能力</b>
454	<b>サブ能力 ({0}/{1})</b>
455	なし
456	合成失敗…
457	メイン側({0} Lv.{1}): <color=#9aa3b8>継承失敗</color>
458	素材側({0} Lv.{1}): <color=#9aa3b8>継承失敗</color>
459	選んだ2枚のカードは消費されました。
460	還元MILE  <color=#ffd76a><b><size=40>+{0}</size></b></color>
461	所持MILE  <b>{0}</b>
462	<color=#ffd76a><b>強化 ×{0}→×{1}</b></color>
463	・{0} ×{1}{2}  <size=21><color=#b7bfd8>({3} ×{4})</color></size>
464	戻る
465	カード合成
466	並び替え
467	メイン
468	素材
469	カード
470	選択中
471	合成する
472	スキップ ▶▶
473	続けて合成
474	一覧へ戻る
475	所持MILE  {0}
476	{0}種 / 全{1}枚
477	メインカード
478	素材カード
479	すべて
480	移動
481	攻撃
482	防御
483	成長
484	回復
485	特殊
486	リスク
487	カードを2枚選んでください
488	合成できません
489	名前
490	レベル
491	レア度
492	所持枚数
493	所持{0}  使用可<color=#{1}
494	能力{0}
495	メイン+素材
496	使用中
497	<color=#ffd76a><b>{0}</b></color>  <b>{1}</b>  {2}  合成Lv.{3}{4}
498	主能力: {0}
499	サブ能力({0}):
500	・{0}
501	サブ能力: なし
502	<size=19><color=#b7bfd8>所持{0}枚 / 使用可{1}枚</color></size>
503	左の一覧からカードを選んでください。
504	選択中の枠(光っている枠)にカードが入ります。枠をタップすると選択先を切り替えられ、×で選択を外せます。
505	・同じカード同士 … 成功率100%で合成Lvと全能力を合算
506	・違うカード同士 … メイン側50%/素材側25%で能力一式を継承(抽選)。片側だけ成功した場合は、成功した側のLvと能力だけが残ります
507	・合成Lvの上限はLv.9。同じカードで Lv.9 を超える分は捨てずに Mastery へ(違うカードで合計が Lv.9 を超える組み合わせは合成できません)
508	・Lv.9 MAX のカードに同じカードを合成すると Mastery が進みます(★5 で AWAKENED)
509	<size=19>★5(AWAKENED)に到達しています。★5 の後に余ったカードの使い道は今後追加します(今は合成で消費しません)。</size>
510	同じカード({0})を素材に選ぶと、素材のLvぶん Mastery が進みます(Lv.1 = +1)。
511	次に素材カードを選んでください。
512	次にメインカードを選んでください。
513	このカードは AWAKENED(★5)です
514	完成カードをメインにセットしました。素材カードを選んでください
515	確定強化
516	AWAKENED！
517	Lv.9 MAX 到達！
518	同名強化 完了！
519	大成功！ 両側の能力を継承
520	メイン側の能力を継承
521	素材側の能力を継承
522	継承失敗…  カードはMILEに還元されました
523	{0}側 継承成功！
524	{0}側 継承失敗
525	Speed特化
526	Defense特化
527	Blood特化
528	Fire特化
529	Ice特化
530	Lightning特化
