7000	今回の距離は、正式な記録(BEST・累計・解放)には残りません
7001	残るもの: これまでに確定した記録・カード・MILE(WALLET {0})
7002	ランキング
7003	この名前で参加します。参加すると、帰還して確定した記録(マップ別の最高到達距離・使ったキャラ・オート/疾走出発の使用)がコードネームと一緒に公開されます。
7004	ランキングに参加すると、コードネームと記録(マップ別の最高到達距離・使ったキャラ・オート/疾走出発の使用)が公開されます。参加しなくても、通常プレイと手元の記録はそのまま使えます。
7005	コードネーム
7006	最大{0}文字。本名などの個人情報は入れないでください。
7007	参加にはコードネームが必要です
7008	参加する
7009	次へ
7010	あなた
7011	あなた: 投稿待ちの記録があります
7012	あなた: まだ記録がありません
7013	投稿待ち
7014	送信中…
7015	再送
7016	読み込み中…
7017	ランキングを読み込めませんでした。通信を確認してください
7018	再試行
7019	まだ記録がありません
7020	更新
7021	参加をやめる
7022	通信できない時は投稿待ちに残し、後で送ります
7023	条件達成! 帰還すると確定します
7024	オートモード
7025	オート開始速度
7026	ボス戦でもオート
7027	自動攻撃
7028	自動回避
7029	走る速さが開始速度を超えると、ONの操作だけ自動で行います。
7030	自動攻撃: 前の敵・壊せる障害物・ボスへの攻撃。
7031	自動回避: 穴・障害物・壁・トゲへのジャンプ。ボス戦では弾や攻撃範囲も。
7032	通常の敵の攻撃は避けません。必ず避けられるわけではありません。
7033	自分の操作が優先。ボス戦OFFならボス戦の間は自動操作しません。
7034	※ ボス戦でもオートは、ボスと戦っている間は速さに関係なく働きます。
7035	プロフィール
7036	保存
7037	ランキングとマルチで表示する名前(最大{0}文字)。未設定でも遊べます。
7038	本名などの個人情報は入れないでください。
7039	位
7040	NEW CHARACTER:\x20
