5000	同じWi-Fi、またはスマホのテザリングにつないだ端末どうしで遊びます(最大8人)。
5001	インターネットで、離れた場所の人と遊びます(最大8人)。
5002	オンラインサービスに接続しています…
5003	部屋を作ります。オンラインの「FIND GAME」に表示されます。
5004	オンラインの部屋を探して参加します。
5005	部屋を作っています…
5006	部屋を作れませんでした。通信を確認して、もう一度お試しください
5007	オンラインの部屋
5008	接続できませんでした。もう一度お試しください
5009	接続中…
5010	オンラインの部屋を探しています…
5011	「CREATE GAME」で部屋を作るか、少し待ってから再検索してください。
5012	通信を確認してください
5013	インターネットにつながっているか確認して、もう一度お試しください。LOCAL PLAY(同じWi-Fi)はこのまま遊べます。
5014	近くの部屋
5015	(HOSTが決めます)
5016	HOSTが決めます(Run開始時に自動で揃います)
5017	自分
5018	オンラインの「FIND GAME」に表示中
