7000	ໄລຍະຂອງຮອບນີ້ຈະບໍ່ນັບໃນສະຖິຕິທາງການ (BEST, ສະສົມ, ປົດລັອກ)
7001	ສິ່ງທີ່ຍັງຢູ່: ສະຖິຕິທີ່ຢືນຢັນແລ້ວ・ບັດ・MILE (ກະເປົາ {0})
7002	ອັນດັບ
7003	ຈະເຂົ້າຮ່ວມດ້ວຍຊື່ນີ້ ເມື່ອເຂົ້າຮ່ວມແລ້ວ ສະຖິຕິທີ່ຢືນຢັນດ້ວຍການກັບບ້ານ (ໄລຍະໄກສຸດແຕ່ລະແຜນທີ່, ຕົວລະຄອນທີ່ໃຊ້, ການໃຊ້ AUTO/ອອກເດີນທາງດ່ວນ) ຈະຖືກເຜີຍແຜ່ພ້ອມຊື່ລະຫັດ
7004	ເມື່ອເຂົ້າຮ່ວມອັນດັບ ຊື່ລະຫັດ ແລະ ສະຖິຕິ (ໄລຍະໄກສຸດແຕ່ລະແຜນທີ່, ຕົວລະຄອນທີ່ໃຊ້, ການໃຊ້ AUTO/ອອກເດີນທາງດ່ວນ) ຈະຖືກເຜີຍແຜ່ ເຖິງບໍ່ເຂົ້າຮ່ວມ ກໍຫຼິ້ນປົກກະຕິ ແລະ ໃຊ້ສະຖິຕິໃນເຄື່ອງໄດ້ຄືເກົ່າ
7005	ຊື່ລະຫັດ
7006	ສູງສຸດ {0} ຕົວອັກສອນ ຢ່າໃສ່ຊື່ແທ້ ຫຼື ຂໍ້ມູນສ່ວນຕົວ
7007	ຕ້ອງມີຊື່ລະຫັດຈຶ່ງເຂົ້າຮ່ວມໄດ້
7008	ເຂົ້າຮ່ວມ
7009	ຕໍ່ໄປ
7010	ເຈົ້າ
7011	ເຈົ້າ: ມີສະຖິຕິລໍຖ້າສົ່ງ
7012	ເຈົ້າ: ຍັງບໍ່ມີສະຖິຕິ
7013	ລໍຖ້າສົ່ງ
7014	ກຳລັງສົ່ງ…
7015	ສົ່ງອີກຄັ້ງ
7016	ກຳລັງໂຫຼດ…
7017	ໂຫຼດອັນດັບບໍ່ໄດ້ ກະລຸນາກວດການເຊື່ອມຕໍ່
7018	ລອງອີກຄັ້ງ
7019	ຍັງບໍ່ມີສະຖິຕິ
7020	ໂຫຼດໃໝ່
7021	ເຊົາເຂົ້າຮ່ວມ
7022	ຖ້າເຊື່ອມຕໍ່ບໍ່ໄດ້ ຈະເກັບໄວ້ລໍຖ້າ ແລ້ວສົ່ງພາຍຫຼັງ
7023	ຜ່ານເງື່ອນໄຂ! ກັບບ້ານເພື່ອຢືນຢັນ
7024	ໂໝດ AUTO
7025	ຄວາມໄວເລີ່ມ AUTO
7026	AUTO ໃນການຕໍ່ສູ້ບອສນຳ
7027	ໂຈມຕີອັດຕະໂນມັດ
7028	ຫຼົບອັດຕະໂນມັດ
7029	ເມື່ອຄວາມໄວແລ່ນເກີນຄວາມໄວເລີ່ມ ຈະເຮັດສະເພາະການກະທຳທີ່ ON ໃຫ້ອັດຕະໂນມັດ
7030	ໂຈມຕີອັດຕະໂນມັດ: ໂຈມຕີສັດຕູທາງໜ້າ, ສິ່ງກີດຂວາງທີ່ທຳລາຍໄດ້ ແລະ ບອສ
7031	ຫຼົບອັດຕະໂນມັດ: ໂດດຂ້າມຂຸມ, ສິ່ງກີດຂວາງ, ກຳແພງ ແລະ ໜາມ ໃນການຕໍ່ສູ້ບອສ ກໍຫຼົບລູກປືນ ແລະ ເຂດໂຈມຕີນຳ
7032	ບໍ່ຫຼົບການໂຈມຕີຂອງສັດຕູທົ່ວໄປ ແລະ ບໍ່ຮັບປະກັນວ່າຈະຫຼົບໄດ້ສະເໝີ
7033	ການຄວບຄຸມຂອງເຈົ້າມາກ່ອນ ຖ້າການຕໍ່ສູ້ບອສເປັນ OFF ຈະບໍ່ຄວບຄຸມອັດຕະໂນມັດລະຫວ່າງຕໍ່ສູ້ບອສ
7034	※ AUTO ໃນການຕໍ່ສູ້ບອສນຳ ຈະເຮັດວຽກລະຫວ່າງສູ້ບອສ ໂດຍບໍ່ຂຶ້ນກັບຄວາມໄວ
7035	ໂປຣໄຟລ໌
7036	ບັນທຶກ
7037	ຊື່ທີ່ສະແດງໃນອັນດັບ ແລະ ຫຼາຍຄົນ (ສູງສຸດ {0} ຕົວອັກສອນ) ບໍ່ຕັ້ງກໍຫຼິ້ນໄດ້
7038	ຢ່າໃສ່ຊື່ແທ້ ຫຼື ຂໍ້ມູນສ່ວນຕົວ
7039	\x20ອັນດັບ
7040	ຕົວລະຄອນໃໝ່:\x20
