3012	ບອສກຳລັງມາ
3013	ສາຍຕາກາຍເປັນຫີນ
3014	ຜູ້ຄືບຄານໃນຖ້ຳ
3015	ພິໂລດມັງກອນຖ້ຳ
3016	ຖ້ຳເຫວເລິກ
3017	ເຂດມໍລະນະແມງງອດ
3018	ລ່າໃຕ້ດິນ
3019	ຖ້ຳພັງທະລາຍ
3020	ທຳລາຍແຜ່ນດິນ
3021	ຄຸກຄຣິສຕັນ
3022	ລ່າສຽງສະທ້ອນ
3023	ເກົ່າ
3024	ສ້ອມແລ້ວ
3025	ກົນຈັກ
3026	ເວດມົນ
3027	ສຳຜັດຄວາມຕາຍ
3028	ທັງໝົດ
3029	ໂຈມຕີ
3030	ປ້ອງກັນ
3031	ສະໜັບສະໜູນ
3032	ພິເສດ
3035	ໜີອອກໄດ້
3036	ການຂຽນໂປຣແກຣມ
3038	ອອກແບບເກມ
3040	ສິລະປະ / ອອກແບບ
3042	ຂອບໃຈເປັນພິເສດ
3043	ເຈົ້າ
3045	ຜູ້ຫຼິ້ນ
3047	ຫຼິ້ນຫຼາຍຄົນ
3048	ຫຼິ້ນທ້ອງຖິ່ນ
3049	ສ້າງເກມ
3050	ຊອກຫາເກມ
3051	ໂໝດ
3052	ປິດສຽງທັງໝົດ
3053	ການພິພາກສາຂອງໄທທັນ
3054	ຊີບພະຈອນສະຫວັນ
3055	ເລວີອາທານຂ້າມຟ້າ
3056	ເຟັນຣີລ່າເທິງຟ້າ
3057	ປ້ອມປາການເທິງຟ້າ
3058	ຟີນິກຄືນຊີບ
3059	ພາຍຸງູສະຫວັນ
3060	ວັນສິ້ນໂລກແຫ່ງຟ້າຮ້ອງ
3061	ຝຶກຊ້ອມ
3062	ບັດຕົວລະຄອນຂອງ {0}
