531	Wind အထူးပြု
532	Boss အထူးပြု
533	EXP အထူးပြု
534	MILE အထူးပြု
535	Challenge အများကြီး
536	အပိုတိုက်ချက် အားလုံး (ဝန်စစ်)
537	ယေဘုယျ ရောနှော
538	Attack အထူးပြု
539	အစွန်းရောက် Risk (HP စတေး)
540	အေဂစ် တုံ့ပြန်
541	OVERDRIVE
542	ထိမှန်ချိန် အားမြှင့် VFX ငယ်
543	အမြန်ချိန် အရိပ်ကျန် အားမြှင့်
544	ကုသချိန် Blood Aura
545	ပြန်ရှင်ပြကွက် အားမြှင့် / အပိုအကျိုးငယ်
546	အသုံးပြုချိန် သီးသန့် VFX
547	အထူးတိုက်ကွက် နောက်ဆုံးပြကွက်/သီးသန့်အော်ရာ/BUFF ပြကွက်/အပိတ် VFX (ဒဏ် မမြှင့်)
548	ဝရမ်း! ဆုကြေးပစ်မှတ် ပေါ်လာပြီ
549	ဆုကြေး!
550	COMBO!
551	{0} စက္ကန့်
552	နောက် {0}m
553	FINAL EVOLUTION: ပြန်လည်မွေးဖွား
554	နောက်ဆုံးအခွင့်
555	ဒုတိယအား
556	ဖီးနစ်
557	အမြီးရိုက်ပြီး တောင့်သွားပြီ! တိုက်ရန် အခွင့်!
558	မျက်လုံး အားနည်းပြီ! ခေါင်းက အားနည်းချက်!
559	ခေါင်းကျလာပြီ! ကြာရှည် ပြန်တိုက်အခွင့်!
560	ခုန်!
561	ဆင်း!
562	မှော်အား ကုန်ပြီ! ကြာရှည် တိုက်ရန်အခွင့်!
563	မှောက်သွားပြီ! အခွင့်ကြီး!
564	အမြီး မြေထဲစိုက်သွားပြီ! တိုက်ရန် အခွင့်!
565	မူးနေပြီ! တိုက်ရန် အခွင့်!
566	ဒုတ် ဆွဲမထုတ်နိုင်! တိုက်ရန် အခွင့်!
567	ခေါင်း မြေပေါ်ကျန်နေပြီ! တိုက်ရန် အခွင့်!
568	အူတိုင် ပေါ်ပြီ! ဖြိုရလွယ်!
569	မြေကို ဝင်တိုက်ပြီ! တိုက်ရန် အခွင့်!
570	ကတ်ဆက်တင် ▶
571	<color=#FFD866><b>ဇာတ်ကောင်ကတ်</b></color>
572	<color=#8890A0>(လွတ်)</color>
573	သော့ခတ်
574	ဖွင့်ရန်အခြေအနေ:
575	【အဓိက】
576	【အရန်】
577	ရွေ့လျားနှုန်း
578	တိုက်ခိုက်အား
579	ခုန်အား
580	ခုန်အကြိမ်
581	အမြင့်ဆုံး HP
582	တိုက်ခိုက်ဧရိယာ
583	တိုက်ခိုက်နှုန်း
584	လေထဲတိုက်ခိုက်အား
585	ဒိုင်း
586	ရ EXP
587	စုပ်ယူဖြစ်နိုင်ခြေ
588	စုပ်ယူပမာဏ
589	ရန်သူပေါ်နှုန်း
590	မြေပြင်တိုက်ခိုက်အား
591	COMBO အပိတ်အား
592	ပထမတိုက်ချက်အား
593	အသက်ငင်ချိန် တိုက်ခိုက်အား
594	HP ပြည့်ချိန် တိုက်ခိုက်အား
595	အရှိန်မြင့်ချိန် တိုက်ခိုက်အား
596	ဘော့စ်ကို တိုက်ခိုက်အား
597	ရန်သူ HP
598	ဘော့စ် HP
599	ရ MILE
600	ဘော့စ် ရ MILE
601	မီးလောင် (Burn) ဖြစ်နိုင်ခြေ
602	မီးလောင်အား
603	မီးလောင်ကြာချိန်
604	အအေး (Chill) ဖြစ်နိုင်ခြေ
605	အအေး နှေးစေမှု
606	အအေးကြာချိန်
607	ခဲရန် စုဆောင်းမှု
608	ခဲကြာချိန်
609	မိုးကြိုးဖြစ်နိုင်ခြေ
610	မိုးကြိုးအား
611	ကူးစက်အရေ
612	ကူးစက်အကွာ
613	လေဓားဖြစ်နိုင်ခြေ
614	လေဓားအား
615	ဖောက်ထွင်းအရေ
616	လေဓားပစ်ကွာ
617	သွေးထွက် (Bleed) ဖြစ်နိုင်ခြေ
618	သွေးထွက်အား
619	သွေးထွက်ကြာချိန်
620	သွေးထွက် စုပ်ယူ
621	အသက်ငင်ချိန် သွေးထွက်အားမြှင့်
622	အဓိကတိုက်ချက် တိုက်ခိုက်နှုန်း
623	အမှန်တိုက်ခိုက်ဧရိယာ
624	အမြင့်ဆုံး HP (နှလုံး)
625	ပိတ်မည့်နှလုံး
626	လေထဲတိုက်ခိုက်
627	မြေပြင်တိုက်ခိုက်
628	ပထမတိုက်ချက်
629	ဆက်တိုက်ကွက်အလယ်
630	အပိတ်
631	ဘော့စ်ကို တိုက်ခိုက်
632	သာမန်ရန်သူကို တိုက်ခိုက်
633	လေထဲရန်သူကို တိုက်ခိုက်
634	အောက်တိုက်/ရိုက်ချ
635	HP ပြည့် တိုက်ခိုက်
636	HP50% အောက် တိုက်ခိုက်
637	HP25% အောက် တိုက်ခိုက်
638	HP နည်းချိန် တိုက်ခိုက်နှုန်း
639	HP25% အောက် စုပ်ယူဖြစ်နိုင်ခြေ
640	ပိတ်မှု 1 ခုလျှင် တိုက်ခိုက်
641	1 ထိလျှင် တိုက်ခိုက်
642	လေထဲထိအကြိမ်လျှင် တိုက်ခိုက်
643	150km/h တွင် တိုက်ခိုက်
644	OVERDRIVE အတွင်း တိုက်ခိုက်
645	OVERDRIVE အတွင်း တိုက်ခိုက်နှုန်း
646	Shield အများဆုံးအရေ
647	Shield ပြန်ရ (စက္ကန့် လျှော့)
648	ကုသပမာဏ (နှလုံး)
649	အပိုတိုက်ချက် ဖြစ်နိုင်ခြေ
650	ထိခံပြီး ထိမရ (စက္ကန့်)
651	နောက်ယိုင်မှု လျော့
652	ရန်သူလှုပ်ရှားနှုန်း
653	အထူးတပ် ဖြစ်နိုင်ခြေ
654	ရတနာ・ဆု MILE
655	အကွာအဝေး MILE
656	အကွာအဝေး EXP
657	နိုင်မှု EXP
658	ခဲရန် အကြိမ်
659	လျှပ်စီးအား
660	မိုးကြိုး ရပ်စေချိန် (စက္ကန့်)
661	မိုးကြိုးဧရိယာ (m)
662	လေဓားအမြန်
663	အကျိုးသက်ရောက်မှု Lv
664	သုံးနေ၍ ပြောင်းမရ
665	ပိုင်ဆိုင် x{0}
666	ကတ်ကိုနှိပ်၍ အသေးစိတ်ကြည့်
667	[အခြားဇာတ်ကောင်၏ ဇာတ်ကောင်ကတ်]
668	လက်ရှိသုံးနေသော ကတ်ဖြစ်သည်။ ဖြုတ်ပြီးမှ သုံးပါ။
669	ကို {CardConvertMile} MILE အဖြစ် ပြောင်းမလား？
670	လက်ရှိဒက်ခ်ကို
671	အကြံပြုဖွဲ့စည်းမှုသို့ ပြောင်းမလား？
672	ဒက်ခ်မှ ကတ်အားလုံးကို
673	ဖြုတ်မလား？
674	နဂါး နိမ့်ပျံလာပြီ! ပြန်တိုက်အခွင့်!
675	နောက်ဆုံးအဆင့်!
676	BREAK!
677	နဂါးမီး အားဖြည့်
678	ငရဲမီး မီးလုံးကြီး
679	မီး {0}% {1}/s {2}s
680	ရေခဲ {0}% -{1}% {2}s ခဲ{3}ကြိမ်/{4}s
681	ပကတိသုည Lv{0}
682	လျှပ် {0}% {1} ကူး{2} ဧရိယာ{3}m ရပ်{4}s
683	လေ {0}% {1} ဖောက်+{2} {3}m
684	သွေး {0}%{1}
685	ကတ်အသစ်
686	ထပ်နေ
687	(AWAKENED ပြီး・သိမ်းထား)
688	→ ပေါင်းစပ်ဖြင့် MASTERY +1
689	နှိပ်၍ ရှေ့ဆက် (ကျန် {0} ချပ်)
690	နှိပ်၍ ပိတ် / ဂါချာကိုနှိပ်၍ ဆက်ဆွဲ
691	ရှေ့ဆက်
692	OK
693	MILE မလောက်
694	ခဏရပ်ထား ― ပတ်ဝန်းကျင်စစ်ပြီးမှ ပြန်စနိုင်
695	အသင့်ဖြစ်လျှင် ပြန်စ
696	GO!
697	အသစ်ဖွင့်ပြီ:
698	အသင့်
699	အမြန်
700	အမြန်တက်!
701	ရွေးချယ်စောင့် ရပ်တန့်အကြောင်းရင်းသာ ကျန်နေခဲ့
702	ခဏရပ်မီနူး ရပ်တန့်အကြောင်းရင်းသာ ကျန်နေခဲ့
703	ဘော့စ်ဝင်ပြကွက် နှေးကွက် ကြာလွန်းခဲ့
704	ဘော့စ်ဝင်ပြကွက် နှေးကွက်သာ ကျန်နေခဲ့
705	ဘော့စ်ဆု
706	အဆင့်တက်
707	ရွေးချယ်စောင့်နေသော်လည်း ရွေးချယ်မျက်နှာပြင် မရှိ → ပြန်ပြ ({0}, {1} ကြိမ်မြောက်, ok={2})
708	ရွေးချယ်စောင့်နေသော်လည်း ရွေးချယ်မျက်နှာပြင် မပြနိုင် → ရွေးချယ်မှုမပါဘဲ ဖြေရှင်း ({0})
709	ရွေးချယ်မျက်နှာပြင် မကိုက်ညီဘဲ ဖွင့်နေ → ပိတ်ပြီး {0} ကို ပြန်ပြ
710	BEST
711	အကွာအဝေး
712	II
713	အဆင့်:
714	ပြေးပွဲအသစ်
715	ဂိမ်းအောင်ပြီ
716	ရှုံးပြီ
717	အချိန်
718	နိုင်ခဲ့သောရန်သူ
719	နိုင်ခဲ့သောဘော့စ်
720	ဘောနပ်စ်
721	BONUS ZONE
722	ကွင်း ဘောနပ်စ်
723	စုစုပေါင်း EXP
724	ရရှိသော အားမြှင့်
725	စုစုပေါင်း MILE
726	ရန်သူ / ဘော့စ်
727	စုစုပေါင်း EXP / အားမြှင့်
728	ဆုံးရှုံး: ဤပြေးပွဲ MILE {0}
729	ကျန်ရှိ: BEST အကွာမှတ်တမ်း (အသစ်!)・စုစုပေါင်းပြေးအကွာ
730	ကျန်ရှိ: BEST အကွာမှတ်တမ်း・စုစုပေါင်းပြေးအကွာ
731	ပိုင်ဆိုင်ကတ်・MILE (ပိုက်ဆံအိတ် {0})
732	HP
733	ပိတ်{0}
734	ဒိုင်း{0}
735	MAX
736	ပေါင်းစပ် Lv.{0}  စွမ်းရည် {1} မျိုး
737	အမြန်သာ x{0} (နေရာချထားအကွာ မပြောင်း)
738	အကူ ON
739	အကူ OFF
740	နောက်ဆုံး:{0}({1})
741	မရ:{0}
742	အတားအဆီး:{0} ဖျက်{1}/ခုန်{2}/မဖြစ်{3}
743	{0} စစ်{1}km/h(ON≧{2}/OFF<{3}){4}{5}
744	နောက်ခံ: {0}
745	[ကြိုကြည့်]
746	ဖတ်{0}ပုံ {1}MB
747	နောက်ခံ◀
748	နောက်ခံ▶
749	ကူးပြောင်း
750	ပုံမှန်
751	နယ်စပ်သို့
752	ဆက်တင်
753	တိုက်ပွဲကွင်း
754	တိုက်ပွဲကွင်း (LOCK)
755	တိုက်ပွဲကွင်း မဖွင့်ရသေးပါ
756	ဖွင့်ရန်အခြေအနေ: {0}
757	DEBUG
758	လက်ရှိ ပြေးပွဲ နှင့် မသေချာသေးသော MILE ကို
759	စွန့်ပစ်မည်။ သေချာလား？
760	စွန့်၍ ပြေးပွဲအသစ်
761	မလုပ်တော့
762	ဆက်ကစား
763	ပင်မသို့ ပြန်
764	ပင်မအခန်းသို့ ပြန်မည်။
765	ပြေးပွဲ မပြီးဘဲ ဒီနေရာမှ
766	ဆက်ကစားနိုင်သည်။
767	ဤကတ်ကို အခြားနေရာတွင် သုံးနေသည်
768	{0} သည် အခြားဇာတ်ကောင်ကတ်နှင့် ပေါင်းလျှင် Lv{1} ကျော်၍ တပ်ဆင်မရ (ကျော်သည့်အပို အကျိုးမရှိ)
769	သတိ: {0} သည် အခြားဇာတ်ကောင်ကတ်နှင့် ပေါင်းလျှင် Lv{1} ကျော်သည် (ကျော်သော {2} Lv စာ အကျိုးမရှိ)
770	ဘော့စ်ဆက်တိုက်  ပြေးရင်းတိုက်! WARNING နီးလာပြီ! ကျန်ဘော့စ်ကို နိုင်အောင်တိုက်! ABCDEFGHIJKLMNOPQRSTUVWXYZ0123456789
771	ကျော်လွန်
772	သေမင်း ညီအစ်မသုံးယောက်
773	ညီအစ်မသုံးယောက်
774	ONE MORE MILE?
775	ဒေါသထွက်!
776	ကောင်းကင်မှော် အပြင်းတိုက်
777	မိစ္ဆာ တောင့်သွားပြီ! တိုက်ရန် အခွင့်!
778	ဗားရှင်း မကိုက်
779	ကစားနေဆဲ
780	ပြည့်
781	ဖွင့်
782	ဘော့စ်:
783	HOST
784	JOIN
785	ဘော့စ်
786	ပစ်မှတ်
787	ဘော့စ် နောက်ဆုံးထိ:
788	ရန်သူ နိုင်:
789	Wi-Fi တူ သို့မဟုတ် ဖုန်း tethering ချိတ်ထားသော စက်များအချင်းချင်း ကစားမည် (အများဆုံး
790	ယောက်)။
791	အွန်လိုင်း (ပြင်ဆင်ဆဲ)
792	အဆင့်မြင့် (IP တိုက်ရိုက်ထည့်・Dev အတွက်)
793	ပိတ်
794	အတူကစား {0}/{1}
795	အတူကစား
796	မုဒ် ရွေးပါ
797	ကျလျှင် DOWN။ ကျသည့်နေရာသို့ရောက်လာသော အဖော် (HP2 နှင့်အထက်) က HP 1 ခု ပေးလျှင် ပြန်ရှင်။ အားလုံး DOWN လျှင် ပြီးဆုံး။
798	ကျလျှင် ထွက်ရ (ပြန်မရှင်)။ နောက်ဆုံး 1 ယောက်အထိ ဆက်ပြီး ရောက်ရှိအကွာဖြင့် အဆင့်သတ်မှတ်။
799	CO-OP
800	VERSUS
801	ဤစက်တွင် အခန်းဖွင့်မည်။ အနီးရှိစက်၏ "FIND GAME" တွင် ပြမည်။
802	အနီးရှိအခန်းကိုရှာ၍ ဝင်မည် (IP ထည့်ရန်မလို)။
803	အနီးရှိအခန်း ({0} ရွေးထား။ HOST ၏ မုဒ်ဖြင့် ကစားမည်)
804	ချိတ်ဆက်မှု မအောင်
805	ချိတ်ဆက်၍မရပါ။ Wi-Fi တူမတူ စစ်ပြီး ထပ်ကြိုးစားပါ
806	ချိတ်ဆက်မှု မအောင်:
807	ချိတ်ဆက်နေ… {0}
808	အနီးရှိဂိမ်း ရှာနေ…
809	ဂိမ်း ရှာမတွေ့
810	HOST စက်တွင် "CREATE GAME" နှိပ်ပြီး Wi-Fi တူ (tethering) သို့ ချိတ်ပါ။
811	ပြန်ရှာ
812	ဝင်ထားသောအခန်း
813	မုဒ်: {0} (HOST က ဆုံးဖြတ်)
814	မုဒ်: HOST က ဆုံးဖြတ် (ပြေးပွဲစချိန် အလိုအလျောက် ညှိမည်)
815	အနီးရှိစက်၏ "FIND GAME" တွင် ပြနေ
816	စုံလျှင် "ပိတ်" → တံခါး → မြေပုံရွေး တွင် "စထွက်" နှိပ်လျှင် အားလုံး မြေပုံတူတွင် တပြိုင်နက် စမည်။
817	HOST စထွက်လျှင် အလိုအလျောက် စမည်။ ခဏစောင့်ပါ။
818	အခန်းပိတ်
819	ထွက်
820	ပိတ် (အခန်း ဆက်ရှိ)
821	အဆင့်မြင့်: IP ဖြင့်ချိတ် (Dev အတွက်)
822	Wi-Fi တူ သို့မဟုတ် ဖုန်း tethering သို့ ချိတ်ပါ (အများဆုံး {0} ယောက်)။
823	(ရယူ၍မရ - စက်၏ Wi-Fi ဆက်တင်တွင် စစ်ပါ)
824	ဤစက်၏ IP:
825	အခြေအနေ:
826	CO-OP: ကျလျှင် DOWN။ ကျသည့်နေရာသို့ရောက်လာသော အဖော် (HP2 နှင့်အထက်) က HP 1 ခု ပေးလျှင် ပြန်ရှင်။ အားလုံး DOWN လျှင် ပြီးဆုံး။
827	VERSUS: ကျလျှင် ထွက်ရ (ပြန်မရှင်)။ နောက်ဆုံး 1 ယောက်အထိ ဆက်ပြီး ရောက်ရှိအကွာဖြင့် အဆင့်သတ်မှတ်။
828	မုဒ်: HOST က ရွေးမည် (ပြေးပွဲစချိန် အလိုအလျောက် ညှိမည်)
829	Port
830	HOST (ဤစက်တွင် အခန်းဖွင့်)
831	JOIN: HOST စက်တွင် ပြထားသော IP ထည့်ပါ
832	ချိတ်ထားသောကစားသူ {0}/{1}
833	တံခါး → မြေပုံရွေး တွင် "စထွက်" နှိပ်လျှင် ချိတ်ထားသူအားလုံး မြေပုံတူတွင် တပြိုင်နက် စမည်။
834	အခန်းပိတ် (HOST ရပ်)
835	ချိတ်ဆက်ဖြတ်
836	အတူကစား: ဖြတ်
837	UI:
838	ပင်မသို့ ပြန်
839	ဆက်ပြေး
840	VERSUS ရလဒ်
841	CO-OP ရလဒ်
842	HOST စထွက်မည်ကို စောင့်နေ
843	ပြေးနေဆဲ ကစားသူ ရှိသေး
844	HOST: ဝင်မည့်သူ စောင့်နေ
845	စတင်မှု အမှား
846	ယခင်ချိတ်ဆက်မှု ပိတ်နေဆဲ။ ခဏစောင့်ပြီး ထပ်ကြိုးစားပါ
847	HOST စ၍မရပါ (Port သုံးနေနိုင်)
848	IP လိပ်စာပုံစံ မမှန်ပါ (ဥပမာ: 192.168.1.23)
849	ချိတ်ဆက်နေ… {0}:{1}
850	JOIN စ၍မရပါ
851	HOST: {0}/{1} ယောက် ချိတ်ထား
852	JOIN: ချိတ်ပြီ {0}
853	အတူကစား ချိတ်ဆက်မှု ပြတ်
854	အခြားကစားသူ
855	ချိတ်ဆက်မှု ဖြတ်သွားပြီ
856	HOST နှင့် ချိတ်ဆက်မှု ပြတ်သွားပြီ
857	ချိတ်ဆက်မှု ငြင်းပယ်ခံရ:
858	အခန်း ပြည့်
859	ပြေးပွဲ ဆက်နေဆဲ
860	HOST သို့ ချိတ်၍မရပါ
861	ဆက်သွယ်ရေး အမှား ဖြစ်ပွား
862	OMM-NET-
863	PS5
864	လွတ်မြောက်
865	ထပ်နှိပ်၍ အတည်ပြု
866	ကတ်ကိုနှိပ်၍ ရွေးပါ
867	AWAKENED
868	FINAL EVOLUTION
869	တပ်ဆင်ထား
870	အသစ်
871	အား Lv{d.level:0.0}{(d.def.risk ?
872	COMBO
873	ဇာတ်ကောင်
874	ဒက်ခ်
875	{0} တွင် {1}m ရောက်
876	အမြင့်ဆုံး {0}m / {1}m
877	မည်သည့်မြေပုံတွင်မဆို 1,000m အောက်တွင် ဂိမ်းရှုံး
878	ဖွင့်ပြီ:
879	ဇာတ်ကောင်အသစ်:
880	ပင်မ၏ "တိုက်ပွဲကွင်း" မှ ဝင်နိုင်သည်။
881	မြေပုံရွေးမှ စထွက်နိုင်သည်။
882	{0} ဖွင့်ပြီ
883	{0} အဖော်ဖြစ်လာပြီ
884	ဇာတ်ကောင်ရွေးတွင် ရွေးနိုင်သည်။
885	ဆက်ပြေးခဲ့သော သင့်အတွက်။
886	နောက်ဆုံးလမ်း ပွင့်လာပြီ။
887	အသံ
888	(အသံ သုံး၍မရ)
889	အားလုံး
890	BGM
891	SE
892	ပတ်ဝန်းကျင်အသံ
893	ဘာသာစကား / Language
894	ဘာသာစကား
895	ရွေးထားသောဘာသာဖြင့် ပြမည်
896	စက်၏ဘာသာအတိုင်း ပြနေ
897	ပြသမှု
898	မျက်နှာပြင် လှည့်ပုံ
899	အလျားလိုက်
900	ဒေါင်လိုက်
901	မျက်နှာပြင် လှုပ်ခါ
902	အလင်းပြကွက်
903	※ရန်သူတိုက်ချက် ကြိုတင်ပြသမှု နှင့် ထိန်းချုပ်ရန်လိုသော ပြသမှု မလျော့ပါ
904	ထိန်းချုပ်
905	(အလိုအလျောက်အကူ သုံး၍မရ)
906	အမြန်ချိန် အကူ
907	အကူစ နှုန်း
908	ပြေးနှုန်း ဤတန်ဖိုးကျော်လျှင် တွင်း/အတားအဆီး/ရန်သူ အတွက် ခုန်ခြင်း နှင့်
909	တိုက်ခိုက်ခြင်းကို အလိုအလျောက် ကူညီမည် (ကိုယ်ပိုင်ထိန်းချုပ်မှု ဦးစားပေး)
910	ကစားနည်း
911	ထိန်းချုပ်မှု လေ့ကျင့်
912	ရှေ့နောက်တိုက်/ခုန်/အောက်တိုက်/မြှောက်တင်/ကတ် လေ့ကျင့် (ဆုမရှိ)
913	လေ့ကျင့်မှုကို ပင်မတွင် စနိုင် (ပြေးပွဲ/အတူကစား အတွင်း မရ)
914	လက်ကြီး ခြေနင်းပေါ် ကျန်နေပြီ! အခွင့်ကြီး!
915	အူတိုင် မှိန်သွားပြီ! ဖြိုရလွယ်!
916	ခေါင်း နီးလာပြီ! တိုက်ရန် အခွင့်!
917	ဟန်ချက်ပျက်ပြီ! ပြန်တိုက်အခွင့်!
918	ပြန်ဖွဲ့မှု မအောင်! အူတိုင် ပေါ်ပြီ!
919	မီး အားနည်းပြီ! တိုက်ရန် အခွင့်!
920	ခေါင်း တိမ်ထဲမှ နိမ့်နိမ့် ထွက်လာပြီ! တိုက်ရန် အခွင့်!
921	အလင်းစက်ဝိုင်း ပျောက်ပြီ! ကြာရှည် ပြန်တိုက်အခွင့်!
922	လျှပ်စစ်ဓာတ် ပျောက်ပြီ! ပြန်တိုက်အခွင့်ကြီး!
923	အမြန်ပြေးထွက်… ({0})
924	အမြန်ပြေးထွက်…
925	အမြန်ပြေးထွက်  {0}
926	ဖြတ်ကျော်ပြီးသော အပိုင်းကို တစ်ဟုန်ထိုး ပြေးကျော်ပြီး ရွေးထားသောဂိတ်၏ အနည်းငယ်ရှေ့မှ စပြေးမည်။ လမ်းခရီး ဘော့စ်ဆုကတ်များကို အလိုအလျောက် ရမည်။ 5,000m တိုင်းရှိ ကွင်းကို ဖြတ်လျှင် နောက်ထပ် 1 ချပ် ရွေးနိုင်သည်။
927	{0}km အထိ အမြန်ပြေး   (ခန့် {1} စက္ကန့် + ကွင်း){2}
928	(စမ်းသပ်ဗားရှင်း: DEBUG အားလုံးဖွင့် ON)
929	မသက်ဆိုင်သော အကွာ
930	DEBUG အားလုံးဖွင့်
931	{0}km မရောက်သေး (အမြင့်ဆုံး {1}km)
932	{0}km ဂိတ်စောင့် မနိုင်ရသေး
933	အမြန်ပြေး ပြန်စ!
934	ကွင်း!  ယခု ယူနိုင်သောကတ် မရှိ
935	ကွင်း လွတ်သွားပြီ
936	ဘောနပ်စ်ကတ်
937	ကွင်း!
938	ယခု ယူနိုင်သောကတ် မရှိ
939	ဒက်ခ်ထဲ ကတ်အားလုံး Lv9 ဖြစ်ပြီ။
940	ယခုမှစ၍ ကွင်းဆုသည် MILE ဖြစ်မည်
941	ကြက်ခြေခတ်ခလုတ် / Stick အပေါ်အောက် (A = အပေါ် / B = အောက်)
942	↑↓ ခလုတ် / W・S
943	အပေါ်အောက် ပွတ်ဆွဲ / ညာအောက်ရှိ ▲▼
944	အမြန်ပြေးထွက်  →  {0}m ဂိတ်ရှေ့သို့
945	ဘော့စ်ဆု အလိုအလျောက်ရ {0}/{1}   ကွင်း {2}/{3}{4}
946	ဒက်ခ် ကတ်အားလုံး Lv{0} MAX
947	ကွင်းဆု +{0} MILE
948	ယခု ယူနိုင်သောကတ် မရှိ (×{0})
949	{0} ဖြင့် အမြင့်ညှိ၍ ကွင်းကို ဖြတ် (လွတ်သွားလည်း ဘာမှ မဆုံးရှုံး)
950	အပေါ်အောက် ရွေ့ / ကွင်းဖြတ်လျှင် +MILE
951	အပေါ်အောက် ရွေ့ / ကွင်းဖြတ်လျှင် အပိုကတ်
952	ဒက်ခ်ထဲ ကတ်အားလုံး Lv9 ဖြစ်သည်။ ကွင်းဆုသည် MILE ဖြစ်သည်
953	H ခလုတ် (သို့မဟုတ် မောက်စ်ခလုတ်) ကို 3 စက္ကန့် ဖိထား
954	BACK ခလုတ်ကို 3 စက္ကန့် ဖိထား
955	မျက်နှာပြင်ကို 3 စက္ကန့် ဖိထား
956	ပထမဆုံး ကစားသူများအတွက်
957	အစတွင် ထိန်းချုပ်မှု လေ့ကျင့်နိုင်သည် (2〜3 မိနစ်・အချိန်ကန့်သတ်မရှိ)။
958	လေ့ကျင့်မှုတွင် ဆု နှင့် မှတ်တမ်း မတိုးပါ။
959	လေ့ကျင့်မှုကို နောက်မှ ဆက်တင်၏ "ကစားနည်း" တွင် အချိန်မရွေး လုပ်နိုင်သည်။
960	လွတ်မြောက်နိုင်ပြီ
961	{0} လုပ်လျှင် လွတ်မြောက်ပြီး
962	ဤပြေးပွဲတွင် စုထားသော MILE ကို ယူသွားနိုင်သည်။
963	ကျသွားလျှင် ဤပြေးပွဲ၏ MILE ဆုံးရှုံးမည်။
964	(BEST အကွာမှတ်တမ်း ကျန်မည်)
965	ဆက်ပြေးလည်း OK။ လွတ်မြောက်မလား သင့်သဘော။
966	MILE ကို ယူလာနိုင်ပြီ!
967	MILE ကို ပင်မရှိ ဂါချာတွင် သုံးနိုင်သည် (1 ကြိမ် {0} MILE)။
968	ဆွဲရသောကတ်ကို ဒက်ခ်ထဲထည့်၍ နောက်ပြေးပွဲကို အားကောင်းစေနိုင်သည်။
969	ဒီအတိုင်း စ
970	နားလည်ပြီ
971	(အသိပေးချက် {0} ခု)
972	ဒက်ခ်ကို စီစဉ်ပြီ
973	ဒက်ခ်အများဆုံး ({0} ချပ်) ကျော်နေသော {1} ချပ်ကို ဒက်ခ်မှ ဖြုတ်ပြီ။
974	ကတ်များ ပိုင်ဆိုင်စာရင်းတွင် ကျန်နေသည်။ ဒက်ခ်ပြင်ဆင်တွင် လဲပါ။
975	ဒက်ခ် 12 ချပ် ဖြစ်လာပြီ
976	ပြင်ဆင်ဆဲ
977	ညာ (ရှေ့) သို့ ပွတ်ဆွဲ
978	→ / D / Z ခလုတ်
979	X ခလုတ် (ညာ Stick →)
980	ဘယ် (နောက်) သို့ ပွတ်ဆွဲ
981	← / A / X ခလုတ်
982	Y ခလုတ် (ညာ Stick ←)
983	အပေါ်သို့ ပွတ်ဆွဲ
984	↑ / W / Space ခလုတ်
985	A ခလုတ် (ညာ Stick ↑)
986	အောက်သို့ ပွတ်ဆွဲ
987	↓ / S ခလုတ်
988	B ခလုတ် (ညာ Stick ↓)
989	ခုန်
990	အောက်တိုက်
991	မြှောက်တင် → လေထဲဆက်တိုက်
992	ကတ်ရွေး
993	လေ့ကျင့်မှု ပြီး
994	ဇာတ်ကောင် အလိုအလျောက် ပြေးသည်။
995	ရှေ့နောက် ပွတ်ဆွဲလျှင် ထိုဘက်သို့ တိုက်သည်။
996	ရှေ့: {0}
997	နောက်: {0}
998	အပေါ်သို့ ပွတ်ဆွဲလျှင် ခုန်သည်။
999	လေထဲတွင် အပေါ်သို့ ထပ်ပွတ်ဆွဲလျှင် နှစ်ဆင့်ခုန် ဖြစ်သည်။
1000	ခုန်: {0}
1001	ခုန်နေစဉ် အောက်သို့ ပွတ်ဆွဲလျှင် တည့်တည့်အောက် ထိုးဆင်း၍ တိုက်သည်။
1002	ခိုင်မာသောမြေပြင်ပေါ်တွင် သုံးပါ။
1003	အောက်တိုက်: {0}
1004	ရန်သူအနီး ခုန်လျှင် အပေါ်တိုက်ချက်ဖြင့် ရန်သူကို မြှောက်တင်သည်။
1005	မြောက်နေသောရန်သူကို လေထဲတွင် တိုက်၍ ဆက်တိုက်နိုင်သည်။
1006	(ခက်လျှင် ကျော်နိုင်သည်)
1007	ပြေးနေရင်း အဆင့်တက်ပြီး ကတ် 3 ချပ်မှ 1 ချပ် ရွေးနိုင်သည်။
1008	ရွေးထားသော အားမြှင့်မှု ထိုပြေးပွဲအတွင်းသာ အကျိုးရှိသည်။
1009	ဒီမှာ လေ့ကျင့်မှုဖြစ်၍ အကျိုးသက်ရောက်မှု ဤလေ့ကျင့်မှုအတွင်းသာ။
1010	အခြေခံထိန်းချုပ်မှု ဒါပဲ ပြီးပါပြီ။
1011	ပထမဆုံး 1,000m ဘော့စ်ကို ဦးတည်ကြစို့!
1012	ရှေ့တိုက် [{0}]   နောက်တိုက် [{1}]
1013	ခုန် [{0}]   နှစ်ဆင့်ခုန် [{1}]
1014	ခုန်နေစဉ် အပေါ်သို့ ထပ်တစ်ခါ
1015	ခုန်ပြီးမှ အောက်သို့ [{0}]
1016	အရင် အပေါ်ဖြင့်ခုန် → လေထဲတွင် အောက်သို့
1017	မြှောက်တင် [{0}]   လေထဲဆက်တိုက် [{1}]
1018	ရန်သူ့ရှေ့ နီးနီးတွင် ခုန်
1019	မြောက်နေသောရန်သူကို ခုန်နေစဉ် ရှေ့တိုက်
1020	ကတ် 1 ချပ် ရွေးပါ
1021	လေ့ကျင့်မှု ရပ်
1022	စထွက်
1023	ပင်မသို့ ပြန်
1024	ထပ်လေ့ကျင့်
1025	စမ်းကြည့်
1026	ကျော်
1027	ရွေးကြည့်
1028	OK!
1029	အတူကစား မရ
1030	အသုံးပြုနေ
1031	ယခု သုံးမရ
1032	ဘော့စ် ဝင်လာနေ
1033	ထိခံနေ
1034	ဘောနပ်စ်အတွင်း
1035	ULTIMATE
1036	အတူကစား×
1037	နက်မှောင်တစ်ချက်
1038	ချယ်ရီပွင့်နှင်းဆီ ဓားတစ်ချက်
1039	နှစ်ဓားက
1040	အရပ်လေးမျက်နှာ ပစ်ခတ်
1041	နဂါးသတ် ထိုးဖောက်
1042	အမြင့်ဆုံးမှော် မြေပြင်သုည
1043	မြားမိုးလမ်း
1044	စိတ်အားပြင်း ဆက်တိုက်လက်သီး
1045	အမြန် အရိပ်ပွားခွဲ
1046	အပူလွန်ကဲ
1047	အဆုံးသတ်
1048	ပေါက်ကွဲ မှော်စည်းဝိုင်း
1049	ကတ်မရှိအသုံးပြုနေရွေးထားဘော့စ် ဝင်လာနေယခု သုံးမရထိခံနေဘောနပ်စ်အတွင်းပြင်ဆင်ဆဲ
1050	မုန်တိုင်း သုံးဆက်လွှဲပျံ
1051	ခေါင်းသုံးလုံး ဆက်တိုက်
1052	အခွင့်!
1053	ငရဲဘုံ မှော်တိုင်စစ်ခင်း
1054	နက်ဓား သုံးချက်ဆက်
1055	မြင်းစီး ထိုးစစ်
1056	မြေကိုခွဲသော မြွေကြီး
1057	ကောင်းကင်ဖြိုဒုတ်ကြီး
1058	ခြေရှစ်ချောင်း သေမင်းအက
1059	လေပြင်း ကျော်တက်ထိုးစစ်
1060	မြေကြီး၏ ဒေါသ
1061	အူတိုင် ပေါ်ပြီ!
