2000	Um patrulheiro das florestas profundas\ncom um arco longo maior do que ele.\nQuanto mais tensiona, mais forte acerta -\nmas de perto, ele tem pouca resposta.
2001	Um jovem cavaleiro dragão com uma lança\nforjada de uma presa de dragão.\nEle rompe toda linha de frente -\nmas o que escapa para dentro do seu alcance\né difícil de responder.
2002	Uma guerreira com sangue de dragão.\nEla não precisa de arma: garras, cauda e fogo\nvarrem tudo pela frente.\nO tamanho a torna fácil de acertar, mas difícil de parar.
2003	Uma ágil espadachim de duas lâminas que encadeia\ngolpes sem nunca desacelerar.\nVelocidade e embalo são suas maiores armas.
2004	Um artista marcial que luta\napenas com manoplas de ferro.\nEle precisa chegar perto - e se você atacar primeiro,\nele revida ainda mais forte.
2005	Duas pistolas, uma única linha de fogo certeira.\nEla vence a luta antes mesmo\nde o inimigo chegar - mas se um passar,\nela não tem resposta.
2006	Uma feiticeira que nunca toca o chão.\nEla sobe e desce à vontade,\nfazendo chover magias sobre tudo lá embaixo -\nmas um único golpe machuca fundo.
2007	Uma exorcista de um santuário na montanha.\nEla espalha ofuda e barreiras à frente,\ne o próprio caminho se volta contra os inimigos -\nmas ela demora para atacar primeiro.
2008	Uma shinobi que nunca está onde você golpeia.\nEla atravessa os inimigos com um só corte\ne some antes que eles caiam -\nmas não aguenta muitos golpes.
2009	Vestida de prata e ouro, ela empunha\numa espada enorme dita matadora de dragões.\nMas sua lenda ainda não\nalcançou sua armadura.
2010	Um espadachim solitário que trilha o próprio caminho.\nNão importa quantas vezes caia,\nele se levanta de novo - porque ainda há\num lugar mais distante a alcançar.
2011	Um nobre da noite que não precisa de lâmina.\nCada ferida que causa alimenta seu sangue,\ne uma luta longa só o deixa mais rápido -\nmas ele começa toda batalha faminto.
