0	முழு உறைநிலை
1	உறைந்த சாதாரண எதிரிகள் நொறுங்கிச் சேதம் தரும்; குளிர்ந்த/உறைந்த எதிரிகள் மீது தாக்குதல் உயரும் (Lv-க்கு +3%). பாஸுக்கு உறைதலுக்குப் பதிலான வேகக்குறைப்பு வலுவாகும்
2	அட்ரினலின்
3	HP 50%-க்குக் கீழ் தாக்குதல் வேகம் உயரும் (Lv-க்கு +3%), HP 25%-க்குக் கீழ் அதன் 2 மடங்கு
4	வான் வாள்
5	காற்றில் எதிரியைத் தாக்கினால் தொடர் வெட்டு பாயும் (Lv-உடன் சக்தி, வீச்சு உயரும்)
6	வான் தாக்குதல் உயர்வு
7	காற்றில் தாக்குதல் சக்தி உயரும் (Lv-க்கு +7%)
8	வான் ஆதிக்கம்
9	வான் தாக்குதல் உயரும் (Lv-க்கு +3%); தரையிறங்காமல் தொடர்ந்து அடிக்க அடிக்க மேலும் உயரும் (ஒவ்வொரு அடிக்கும் +1%/Lv, 4 முறை வரை)
10	வான் தாக்கு
11	காற்றிலுள்ள எதிரிகள் (தூக்கி எறிந்தவை/பறப்பவை/வான் பாஸ்) மீது தாக்குதல் உயரும் (Lv-க்கு +8%)
12	தாக்குதல் வீச்சு உயர்வு
13	பயனுள்ள தாக்குதல் வீச்சு விரியும் (Lv-க்கு +3%). அருகாமைத் தாக்குதலில் தாக்கும் பரப்பு, எறிபொருளில் பறக்கும் தூரம் (குண்டு பெரிதாகாது)
14	தாக்குதல் வேகம் உயர்வு
15	தாக்குதல் வேகம் உயரும் (Lv-க்கு +3%)
16	தாக்குதல் உயர்வு
17	தாக்குதல் சக்தி உயரும் (Lv-க்கு +5%)
18	வெறி ஓட்டம்
19	HP 50%-க்குக் கீழ் தாக்குதல் சக்தி (Lv-க்கு +5%), தாக்குதல் வேகம் (+2%) உயரும்; HP 25%-க்குக் கீழ் இரண்டும் மேலும் உயரும்
20	வெறியன்
21	தாக்குதல் சக்தி (Lv-க்கு +6%), தாக்குதல் வேகம் (+1%) உயரும். ஒவ்வொரு 3 Lv-க்கும் அதிகபட்ச HP-யின் 1 இதயம் பூட்டப்படும்
22	இரத்த வாள்
23	தாக்குதல் இரத்தப்போக்கை உண்டாக்கும் (வாய்ப்பும் சக்தியும் Lv-உடன் உயரும்). HP முழுதாக இருக்கும்போது இரத்தப்போக்கு வாய்ப்பு 2 மடங்கு. முழு HP-யில் தாக்குதலும் சற்று உயரும் (+2%/Lv)
24	இரத்தப் பாய்ச்சல்
25	HP 50%-க்குக் கீழ் தாக்குதல் சக்தி உயரும் (Lv-க்கு +4%); HP 25%-க்குக் கீழ் உறிஞ்சும் வாய்ப்பும் உயரும் (+3%/Lv)
26	பாஸ் சவால்
27	பாஸின் HP உயரும் (Lv-க்கு +10%); பதிலாக பாஸ் MILE அதிகரிக்கும் (+40%/Lv)
28	பாஸ் கொல்லி
29	பாஸ் மீது தாக்குதல் சக்தி உயரும் (Lv-க்கு +8%)
30	பாஸ் அலை
31	பாஸ் வாயிலில் ஒரு வாய்ப்புடன் (Lv-க்கு +8%) இன்னொரு பாஸ் சேரும். பாஸ் MILE அதிகரிக்கும் (+50%/Lv)
32	பிரேக் தாக்குதல்
33	தாக்குதல் சக்தி உயரும் (Lv-க்கு +7%). முதன்மைத் தாக்குதலுக்குப் பின் சற்று வேகம் குறையும்
34	எரியும் ஆன்மா
35	எரிதல் வலுவாகும் (Lv-க்கு +8%), நீளும் (+0.25 வி/Lv). நீங்களே சிறிது எரிதலையும் உண்டாக்குவீர்கள்
36	தொடர் வெடிப்பு
37	எதிரியை வீழ்த்தினால் வெடிக்கும். வெடிப்பில் வீழ்ந்த எதிரியிலிருந்தும் வெடிப்பு தொடரும் (3 முறை வரை; ஒரே தொடரில் ஒரே எதிரிக்கு 1 முறை)
38	தொடர் மின்னல்
39	மின்னல் அருகிலுள்ள வேறு எதிரிக்குத் தாவும் (ஒவ்வொரு 3 Lv-க்கும் +1 எதிரி; எட்டும் தூரமும் Lv-உடன் நீளும்). நீங்களே சிறிது மின்னலையும் உண்டாக்குவீர்கள்
40	Gauge 100% ஆனதும் இயங்கும் (இடது கீழ்ப் பொத்தான்). கதாபாத்திரத்தின் தனிச் சிறப்புத் தாக்குதலால் திரையிலுள்ள எதிரிகளைத் தாக்கியபடி பெரிதாக முன்னேறும் (Lv1 சுமார் 100m → Lv9 சுமார் 200m); பின் சிறிது நேரம் வலுவூட்டல் நீடிக்கும் (Lv1 5 வி → Lv9 12 வி). Gauge தூரம், வீழ்த்தல், பாஸ் சேதத்தால் நிரம்பும்
41	நூலிழைத் தப்பல்
42	நகர்வு வேகம் (Lv-க்கு +2%), அடிபட்ட பின் அழியாநிலை நேரம் (Lv-க்கு +0.05 வி) உயரும்
43	COMBO முனை
44	தொடர் அடிகள் (HIT எண்ணிக்கை) நீள நீளத் தாக்குதல் சக்தி உயரும் (ஒவ்வொரு அடிக்கும் +0.4%/Lv, 10 அடி வரை)
45	COMBO மாஸ்டர்
46	இறுதி அடியில் முன்னோக்கிச் சிறப்பு அதிர்வு பாயும் (Lv-உடன் சக்தி, வீச்சு உயரும்)
47	COMBO பிளஸ்
48	தாக்குதல் வரிசையின் கடைசி அடி (இறுதி அடி) வலுவாகும் (Lv-க்கு +7%)
49	COMBO பாய்ச்சல்
50	தொடர் அடிகளின் நடு அடிகள் வலுவாகும் (Lv-க்கு +6%); முதன்மைத் தாக்குதல் வேகமும் சற்று உயரும் (+2%/Lv)
51	எதிரடி
52	Shield-ஆல் தடுத்ததும் சுற்றிலும் எதிரடி அதிர்வு (Lv-உடன் சக்தி உயரும்). Shield இல்லையென்றாலும் 1 வைத்திருக்கலாம்
53	மரண ஒப்பந்தம்
54	தாக்குதல் சக்தி மிகப் பெரிதாக உயரும் (Lv-க்கு +12%). ஒவ்வொரு 2 Lv-க்கும் அதிகபட்ச HP-யின் 1 இதயம் பூட்டப்படும்
55	இரட்டைத் தாக்குதல்
56	தாக்கும்போது ஒரு வாய்ப்புடன் (Lv-க்கு +3%) கூடுதல் 1 அடி. கூடுதல் அடியிலிருந்து மீண்டும் வராது
57	எலைட் எதிரிகள்
58	சில சாதாரண எதிரிகள் எலைட் ஆகும் (Lv-க்கு +4%. HP×2.5・சற்று வேகம், வீழ்த்தினால் MILE×3/EXP×2). MILE-உம் அதிகரிக்கும் (+30%/Lv)
59	தண்டனையாளன்
60	எதிரிகளை வீழ்த்திப் பெறும் MILE அதிகரிக்கும் (Lv-க்கு +15%)
61	EXP மாற்றி
62	EXP குறையும் (Lv-க்கு -10%, குறைந்தது 25%); பதிலாக எதிரி வீழ்த்தல் MILE அதிகரிக்கும் (+30%/Lv)
63	EXP உயர்வு
64	பெறும் EXP அதிகரிக்கும் (Lv-க்கு +20%)
65	அனுபவ வெடிப்பு
66	எதிரி/பாஸ்/BONUS ZONE EXP பெரிதாக அதிகரிக்கும் (Lv-க்கு +80%)
67	வேக எதிரிகள்
68	சாதாரண எதிரிகளின் நகர்வு・துரத்தல்・தாக்குதல் வேகமாகும் (Lv-க்கு +4%); பதிலாக MILE (+15%/Lv), வீழ்த்தல் EXP (+5%/Lv) அதிகரிக்கும்
69	முதல் அடி
70	தாக்குதல் வரிசையின் 1வது அடி (முதல் அடி) வலுவாகும் (Lv-க்கு +10%)
71	நெருப்பு வாள்
72	நெருப்பின் தொடக்கம். அடிபட்ட எதிரி எரியும் (வாய்ப்பு 15%+5%/Lv, வினாடிக்கு 5+1.5/Lv சேதம், 3 வி)
73	நெருப்பு எதிரடி
74	Shield-ஆல் தடுத்ததும் சுற்றிலும் நெருப்பு எதிரடி (Lv-உடன் சக்தி உயரும்); பட்ட எதிரி எரியும். Shield இல்லையென்றாலும் 1 வைத்திருக்கலாம்
75	கோட்டை
76	அதிகபட்ச HP அதிகரிக்கும் (Lv-க்கு இதயம் +1), அடிபட்டுத் தடுமாறுதல் குறையும் (+5%/Lv); ஆனால் நகர்வு வேகம் குறையும் (Lv-க்கு -3%)
77	பனி முனை
78	பனியின் தொடக்கம். அடிபட்ட எதிரி குளிரும் (வாய்ப்பு 15%+5%/Lv, நகர்வு 25%+2%/Lv மெதுவாகும்). குளிர் சேர்ந்தால் உறையும் (பாஸ் நிற்காது, பலத்த வேகக்குறைப்பு)
79	சூறைக்காற்று
80	காற்று வாள் வேகமாக (Lv-க்கு +5%), தொலைவாக (+0.4m/Lv) பாய்ந்து அதிக எதிரிகளைத் துளைக்கும் (ஒவ்வொரு 3 Lv-க்கும் +1). எறிபொருள் துளைத்தலும் அதிகரிக்கும்
81	அரக்கக் கொல்லி
82	தாக்குதல் சக்தி பெரிதாக உயரும் (Lv-க்கு +9%); ஆனால் தாக்குதல் வேகம் குறையும் (Lv-க்கு -3%)
83	கண்ணாடிப் பீரங்கி
84	தாக்குதல் சக்தி பெரிதாக உயரும் (Lv-க்கு +9%). ஒவ்வொரு 2 Lv-க்கும் அதிகபட்ச HP-யின் 1 இதயம் பூட்டப்படும்
85	பேராசை
86	நகர்வு வேகம் உயரும் (Lv-க்கு +4%); ஆனால் எதிரி வருகை அதிகரிக்கும் (+8%/Lv)
87	தரை உடைப்பான்
88	அறைந்து இறங்கும்போதும் தரை இறுதி அடியிலும் தரையில் ஓடும் அதிர்வலை எழும் (Lv-உடன் சக்தி, நீளம் உயரும்). தரைத் தாக்குதலும் சற்று உயரும் (+2%/Lv)
89	தரைப் போராளி
90	தரையில் தாக்குதல் சக்தி உயரும் (Lv-க்கு +7%)
91	தரை பூஜ்யம்
92	தரையில் தாக்குதல் சக்தி பெரிதாக உயரும் (Lv-க்கு +11%); ஆனால் காற்றில் குறையும் (Lv-க்கு -5%)
93	இதய உடைப்பான்
94	தாக்குதல் சக்தி உயரும் (Lv-க்கு +4%); பூட்டிய ஒவ்வொரு இதயத்துக்கும் மேலும் தாக்குதல் +0.6%/Lv. ஒவ்வொரு 3 Lv-க்கும் அதிகபட்ச HP-யின் 1 இதயம் பூட்டப்படும்
95	இதய உயர்வு
96	அதிகபட்ச HP அதிகரிக்கும் (Lv-க்கு இதயம் +1, அதிகபட்சம் 20 இதயம்), HP மீளும்
97	கனக் கவசம்
98	பலத்த அடியை (2+ இதயம்) 1 இதயம் குறைக்கும். அதிகபட்ச HP-யும் கூடும் (ஒவ்வொரு 2 Lv-க்கும் இதயம் +1); ஆனால் ஜம்ப் சக்தி குறையும் (Lv-க்கு -3%)
99	கன மோதல்
100	கீழ்த் தாக்குதல்/அறைதல்/இறங்கும் அதிர்வு வலுவாகும் (Lv-க்கு +10%). இறுதி அடியும் சற்று உயரும் (+3%/Lv)
101	நரக மோட்
102	சாதாரண எதிரிகளின் HP (+12%/Lv)・நகர்வு (+4%/Lv)・வருகை (+8%/Lv) உயரும்; பதிலாக MILE (+50%/Lv), பாஸ் MILE (+30%/Lv) பெரிதாக அதிகரிக்கும்
103	உயர் மின்னழுத்தம்
104	மின்னல் வலுவாகும் (Lv-க்கு +5%). மின்னல் தாக்கு சாதாரண எதிரிகளைக் கணநேரம் நிறுத்தும். மின்னல் வாய்ப்பும் சற்று உயரும் (+1%/Lv)
105	கூட்டம்
106	எதிரி வருகை பெரிதாக அதிகரிக்கும் (Lv-க்கு +15%); பதிலாக MILE (+5%/Lv), வீழ்த்தல் EXP (+5%/Lv) அதிகரிக்கும்
107	வேட்டைக்காரன்
108	பாஸ் சண்டையில் எளிதாக நகரலாம். தாக்குதலின் முன்/பின் நகர்வு நீளும் (Lv-க்கு +4%); தொலைவிலுள்ள பாஸை நெருங்கும் வேகமும் உயரும் (+3%/Lv)
109	பனிச் சிறை
110	எளிதில் உறையும் (தேவையான குளிர் எண்ணிக்கை ஒவ்வொரு 3 Lv-க்கும் -1). குளிர் வாய்ப்பும் நேரமும் உயரும்
111	பெருநெருப்பு
112	எரியும் எதிரியை வீழ்த்தினால் சுற்றிலும் நெருப்பு பரவி எரிக்கும் (Lv-உடன் சக்தி, வீச்சு உயரும்). நீங்களே சிறிது எரிதலையும் உண்டாக்குவீர்கள்
113	இரும்பு மனம்
114	HP முழுதாக இருக்கும்போது தாக்குதல் சக்தி உயரும் (Lv-க்கு +5%). அதிகபட்ச HP-யும் கூடும் (ஒவ்வொரு 3 Lv-க்கும் இதயம் +1)
115	ஜம்ப் எண்ணிக்கை உயர்வு
116	காற்று ஜம்ப் கூடும் (Lv-க்கு +1 முறை). தொடர்ந்து தாவத் தாவச் சற்று பலவீனமாகும், ஆனால் குழியில் விழுந்தபோது பலவீனமாகாது. மாயக்காரிக்கு ஏறும் உயரம் ஒவ்வொரு 3 Lv-க்கும் 1 படி கூடும்
117	ஜம்ப் சக்தி உயர்வு
118	ஜம்ப் சக்தி உயரும் (Lv-க்கு +3%). மாயக்காரியின் உயர ஏற்ற இறக்கம் வேகமாகும்
119	HP 1 இதயமாகும் கணத்தில் குறுகிய அழியாநிலை (1 வி + Lv-க்கு 0.15 வி). HP மீண்டு சிறிது நேரம் ஆகும் வரை மீண்டும் வராது
120	கடைசி நிலைப்பாடு
121	HP 50%-க்குக் கீழ் தாக்குதல் சக்தி உயரும் (Lv-க்கு +4%), HP 25%-க்குக் கீழ் மேலும் உயரும் (+4%/Lv)
122	லெவல் உடைப்பு
123	பெறும் EXP பெரிதாக அதிகரிக்கும் (Lv-க்கு +30%)
124	நீள் வாள்
125	பயனுள்ள தாக்குதல் வீச்சு பெரிதாக விரியும் (Lv-க்கு +5%)
126	நெடும் பயணம்
127	EXP (Lv-க்கு +15%), அதிகபட்ச HP (ஒவ்வொரு 3 Lv-க்கும் இதயம் +1) அதிகரிக்கும்
128	கும்பல் கொல்லி
129	பாஸ் அல்லாத எதிரிகள் மீது தாக்குதல் (Lv-க்கு +5%), எதிரி வீழ்த்தல் MILE (Lv-க்கு +10%) உயரும்
130	உந்துவேகம்
131	இப்போதைய வேகமே தாக்குதல் சக்தி ஆகும். 100km/h தாண்டியதும் உயரத் தொடங்கி 150km/h-ல் உச்சம் (Lv-க்கு +4%). அதற்கு மேல் வளர்ச்சி மெதுவாகும்
132	அரக்கர் பாய்ச்சல்
133	எதிரி வருகை அதிகரிக்கும் (Lv-க்கு +10%); பதிலாக EXP அதிகரிக்கும் (+15%/Lv)
134	மேலும் எதிரிகள்
135	எதிரி வருகை அதிகரிக்கும் (Lv-க்கு +10%). எதிரி வீழ்த்தல் MILE-உம் சற்று கூடும் (+3%/Lv)
136	திரும்பிப் பார்க்காதே
137	நகர்வு வேகம் பெரிதாக உயரும் (Lv-க்கு +5%); ஆனால் எதிரி வருகை அதிகரிக்கும் (+10%/Lv)
138	ONE MORE MILE
139	MILE (Lv-க்கு +50%)・பாஸ் MILE (+50%)・EXP (+20%) அதிகரிக்கும்
140	115km/h-க்கு மேல் தொடர்ந்தால் OVERDRIVE (தாக்குதல் Lv-க்கு +3%, தாக்குதல் வேகம் +2%). வேகம் குறைந்தால் நீங்கும். நகர்வு வேகமும் சற்று உயரும் (Lv-க்கு +2%)
141	மிகை மீட்பு
142	மீட்பு அளவு கூடும் (Lv4〜6-ல் +1, Lv7〜9-ல் +2 இதயம்). முழு HP-யில் மீண்ட அளவு 1 Shield ஆகும்
143	பெருங்குழப்பம்
144	சாதாரண எதிரிகளின் HP/நகர்வு/வருகை/எலைட், பாஸின் HP எல்லாம் உயரும்; பதிலாக MILE (+60%/Lv), பாஸ் MILE (+60%/Lv) மிகப் பெரிதாக அதிகரிக்கும்
145	வழிகாட்டி
146	ஓடிய தூரத்துக்கான EXP அதிகரிக்கும் (Lv-க்கு +20%)
147	முழுக் காப்பு
148	Shield பயன்படுத்தியதும் குறுகிய அழியாநிலை (0.4 வி + Lv-க்கு 0.1 வி). Shield இல்லையென்றாலும் 1 வைத்திருக்கலாம்
149	வீழும்போது ஒருமுறை மட்டும் உயிர்த்தெழும் (HP Lv-ஐப் பொறுத்து 1〜5 இதயம்). உயிர்த்தெழுந்ததும் இந்தக் கார்டு நீங்கி மீண்டும் தேர்வில் வரும் (மீண்டும் எடுத்தால் Lv1-லிருந்து)
150	துளைக்கும் வாள்
151	தாக்குதல் எதிரிகளைத் துளைக்கும். அருகாமையில் அடித்த எதிரிக்குப் பின்னால் (Lv-உடன் எண்ணிக்கை, சக்தி உயரும்), எறிபொருளில் துளைக்கும் எண்ணிக்கை (ஒவ்வொரு 3 Lv-க்கும் +1)
152	வேட்டை மிருகம்
153	உறிஞ்சும் வாய்ப்பு உயரும் (Lv-க்கு +3%). பாஸ் தாக்குதலிலும் அவ்வப்போது உறிஞ்சும் வாய்ப்பு உண்டு
154	விரைவு முனை
155	முதன்மைத் தாக்குதல் (முன்/பின்) வேகம் உயரும் (Lv-க்கு +5%). மேல்/கீழ்/அறைதல்/பெரும் தாக்குதலுக்குப் பொருந்தாது
156	ரிவர்ஸ் கியர்
157	தாக்குதல் சக்தி உயரும் (Lv-க்கு +8%); ஆனால் நகர்வு வேகம் குறையும் (Lv-க்கு -3%)
158	HP 30%-க்குக் கீழ் விழும்போது HP சற்று மீளும் (1〜3 இதயம்). ஒருமுறை இயங்கியதும் தூரக் காத்திருப்பு (10,000m, Lv-உடன் குறையும்)
159	கேடயம்
160	ஒரு அடியைத் தடுக்கும் Shield. அதிகபட்ச எண்ணிக்கை ஒவ்வொரு 3 Lv-க்கும் +1 (அதிகபட்சம் 3); பயன்பட்டவை நேரத்தில் மீளும் (Lv-உடன் வேகமாகும்)
161	அதிர்வலை
162	அருகாமை அடியில் முன்னோக்கிக் குறுகிய அதிர்வலை, எறிபொருளில் விழுந்த இடத்தைச் சுற்றி அதிர்வலை (Lv-உடன் சக்தி, வீச்சு உயரும்)
163	வான் மாஸ்டர்
164	வான் தாக்குதல் உயரும் (Lv-க்கு +4%). காற்றில் அடித்தால் 1 காற்று ஜம்ப் மீளும் (ஒரு வான் பயணத்தில் ஒவ்வொரு 3 Lv-க்கும் 1 முறை)
165	வான் ஓட்டக்காரன்
166	ஜம்ப் சக்தி (Lv-க்கு +2%), வான் தாக்குதல் (Lv-க்கு +3%) உயரும்
167	வான் நோக்கி
168	காற்றில் தாக்குதல் சக்தி பெரிதாக உயரும் (Lv-க்கு +11%); ஆனால் தரையில் குறையும் (Lv-க்கு -5%)
169	ஒலிவேக வாள்
170	ஒவ்வொரு முதன்மைத் தாக்குதலிலும் முன்னோக்கி வெட்டு பாயும். வேகமாக ஓட ஓடத் தொலைவாக, பெரிதாக, வலுவாக ஆகும்
171	வேகக் குறைவு
172	நகர்வு வேகம் குறையும் (Lv-க்கு -4%). சோலோவில் தேர்ந்தெடுக்கக் காரணம் குறைந்த சிறப்புக் கார்டு
173	வேக உயர்வு
174	நகர்வு வேகம் உயரும் (Lv-க்கு +3%)
175	நீண்ட சாலை
176	EXP (Lv-க்கு +40%), அதிகபட்ச HP (ஒவ்வொரு 2 Lv-க்கும் இதயம் +1) அதிகரிக்கும்
177	இடி அரசன்
178	மின்னலின் உயர்நிலை. சக்தி (Lv-க்கு +4%)・தொடர் (ஒவ்வொரு 3 Lv-க்கும் +1 எதிரி)・மின்னல் சுற்று வீச்சு வலுவாகும்
179	இடித் தாக்கு
180	மின்னலின் தொடக்கம். அடித்ததும் மின்னல் விழும் (வாய்ப்பு 5%+2%/Lv, சக்தி 7.5+1.5/Lv. ஒரே எதிரிக்கு 0.4 வி-க்கு 1 முறை வரை)
181	சூறாவளி
182	காற்று வாள் பட்ட இடத்தில் சிறு சூறாவளி எழுந்து சுற்றியுள்ள எதிரிகளை இழுக்கும் (Lv-உடன் சக்தி, வீச்சு உயரும்). நீங்களே சிறிது காற்று வாளையும் வீசுவீர்கள்
183	கடின எதிரிகள்
184	சாதாரண எதிரிகளின் HP உயரும் (Lv-க்கு +15%); பதிலாக MILE (+15%/Lv), வீழ்த்தல் EXP (+5%/Lv) அதிகரிக்கும்
185	புதையல் வேட்டைக்காரன்
186	புதையல்/வெகுமதி (BONUS ZONE-ன் புதையல் சுமக்கும் கோப்ளின்/தங்க ஸ்லைம்/மிமிக்/CLEAR/PERFECT, WANTED பரிசுத்தொகை) MILE அதிகரிக்கும் (Lv-க்கு +30%). பாஸ், தூர MILE-உம் சற்று கூடும்
187	சர்வ வல்லமை
188	தாக்குதல் சக்தி (Lv-க்கு +3%)・அதிகபட்ச HP (ஒவ்வொரு 2 Lv-க்கும் இதயம் +1)・நகர்வு வேகம் (Lv-க்கு +2%) ஒருசேர உயர்த்தும் பல்திறன் கார்டு
189	காட்டேரி
190	எதிரியை வீழ்த்தும்போது ஒரு வாய்ப்புடன் (Lv-க்கு +3%) HP 1 இதயம் மீளும்
191	WANTED
192	குறிப்பிட்ட தூரத்துக்கு ஒருமுறை பரிசு இலக்கு தோன்றும் (Lv-உடன் வலுவாக・அடிக்கடி). வீழ்த்தினால் பரிசுத்தொகை, கடந்துவிட்டால் அது தப்பிக்கும். MILE அதிகரிக்கும் (+35%/Lv)
193	காற்று வெட்டி
194	காற்றின் தொடக்கம். அடித்ததும் முன்னோக்கித் துளைக்கும் காற்று வாள் பாயும் (வாய்ப்பு 10%+3%/Lv, சக்தி 8+1.5/Lv). தாக்குதல் வீச்சும் சற்று விரியும் (+1%/Lv)
195	வனவீரன்
196	இழு, குறி வை, துளை
197	அடர்காட்டின் வனவீரன்
198	ஸ்னைப்பர்
199	டிராகன் ஈட்டிவீரன்
200	உடைத்து முன்னேறு, ஒருபோதும் பணியாதே
201	ஈட்டி ஏந்திய இளம் டிராகன் வீரன்
202	உடைப்பான்
203	டிராகன் குலத்தோன்
204	நகம், வால், சிறகு, நெருப்பு
205	டிராகன் இரத்தம் ஓடும் போர்வீரன்.
206	முரட்டுப் பலம்
207	இரட்டை வாள்
208	விரைவு எஃகு, ஓயாத இயக்கம்
209	அடிகளைத் தொடுக்கும் விரைவு இரட்டை வாள் வீரன்
210	தரை COMBO
211	கைச்சண்டை வீரன்
212	பதிலடி தரும் முஷ்டிகள்
213	போரிடும் தற்காப்புக் கலைஞன்
214	துப்பாக்கி வீரன்
215	ஒரு குண்டு, ஒரு தூரம்
216	இரட்டைத் துப்பாக்கிகள், ஒரே கூர்மையான தீக்கோடு.
217	தொலைதாக்கு
218	மாயக்காரி
219	மேலே மித, கீழே தாக்கு
220	தரையைத் தொடாத மாயக்காரி.
221	பறக்கும் மந்திரவாதி
222	கோயில் கன்னி
223	முன்வழியை முத்திரையிடு
224	மலைக்கோயிலின் பேயோட்டி.
225	முத்திரையாளர்
226	ஷினோபி
227	மறை, வெட்டு, மறை
228	நீ அடிக்கும் இடத்தில் ஒருபோதும் இல்லாத ஷினோபி.
229	சுறுசுறுப்பு
230	உயர்குலச் சீமாட்டி
231	இன்னும் விழிக்காத நாயகி
232	வெள்ளியும் பொன்னும் அணிந்த அவள் ஏந்துவது
233	உயர்குல வீராங்கனை
234	வாள்வீரன்
235	ஓயாமல் முன்னேறுபவன்
236	தன் வழியில் நடக்கும் தனி வாள்வீரன்.
237	சமநிலை
238	நேரம் நீள, பலம் கூடும்
239	வாள் தேவையில்லா இரவின் பிரபு.
240	இரத்தம்
241	கதாபாத்திரக் கார்டுகள்
242	கதாபாத்திரத் தேர்வு
243	தேர்வு
244	உயிர்
245	சக்தி
246	களத் தேர்வு
247	புறப்படு
248	பரிந்துரை அமைப்பு
249	அனைத்தும் நீக்கு
250	ஆம்
251	இல்லை
252	இறுதி நடைபாதை
253	எதிரிகள்: எல்லாக் களங்களின் எதிரிகளும் கலப்பு (வலுவூட்டப்பட்டவை)
254	சிறப்பு: இடியும் தரை・விழும் கட்டமைப்புகள்・மிதக்கும் நடைபாதை
255	பாதை: பிரம்மாண்ட பண்டைய நடைபாதை → சரிவு → பாதாளம் → கடைசி வழி
256	இயற்கைக் குகை
257	எதிரிகள்: எறும்பு / தத்துக்கிளி / வௌவால் / புழு
258	சிறப்பு: பாறைக் கூரை・கூரை முட்கள்・இருளும் தீப்பந்தமும்
259	பாதை: ஒற்றை வழி (தரை・வான்・நிலத்தடி・கூரை அபாயங்கள்)
260	வான் நடைபாதை
261	எதிரிகள்: கோப்ளின் வகை + தூரம் செல்லச் செல்லப் படிப்படியாகத் திறக்கும்
262	சிறப்பு: பாறை, மேக மிதக்கும் தளங்கள், உயர்வான் பாதை
263	பாதை: முன்னேற முன்னேற அபாயம் உயரும்
264	பாழ்நிலச் சாலை
265	எதிரிகள்: கோப்ளின் / பறவை
266	தடைகள்: கல்・சிறு மரம்・சுவர்・உடைக்கக்கூடிய மரம்・பெரும் பாறை・குழி
267	பாதை: மேல் Easy / கீழ் Danger
268	வீழ்ந்தீர்கள். “அதே அமைப்பில் மறுபோர்” மூலம் உடனே மீண்டும் முயலலாம்
269	HP முழுதும் மீட்கப்பட்டது
270	எதிரிகளும் அவற்றின் தாக்குதல்களும் அழிக்கப்பட்டன (வீழ்த்தும் நேரத்தில் கணக்கில்லை)
271	கொடுத்த சேதம் {0}    பெற்ற சேதம் {1}    {2} வி
272	அழியாநிலை
273	≡ அமைப்புகள்
274	அதே அமைப்பில் மறுபோர்
275	எதிரிகளை நீக்கு
276	முகப்புக்கு
277	அனைத்தும் அழிந்தது  {0} வி
278	எதிராளி
279	விவரம்
280	முடிவு
281	கதாபாத்திரங்கள், கார்டுகளைச் சுதந்திரமாக முயலும் பயிற்சிக் களம்
282	இந்த அமைப்பில் தொடங்கு
283	தொடங்கு
284	சோதனை
285	(சோதனை)
286	தேடு
287	<color=#8ce6ff>சோதனை</color>
288	+ சேர்
289	தற்போதைய டெக்கை நகலெடு
290	கதாபாத்திரக் கார்டுகளை நகலெடு
291	சோதனை பில்ட் ({0} கார்டு)
292	அனைத்தும் நீக்கு
293	Lv = இந்த ஓட்டத்தில் எடுத்த எண்ணிக்கை (ஒவ்வொரு திறனுக்கும் அதிகபட்சம் 9). கைவசம்・டெக் மாறாது
294	இடப் பட்டியலின் “+ சேர்” மூலம் கார்டுகளைச் சேர்க்கலாம். கார்டு இல்லாமலும் முயலலாம்
295	கைவசத்தின் நகல் (இணைப்பு Lv{0}・திறன் {1} வகை)
296	டெக்கின் {0} கார்டுகள் சோதனை பில்டுக்கு நகலெடுக்கப்பட்டன (டெக் மாறாது)
297	{0} கதாபாத்திரக் கார்டுகள் நகலெடுக்கப்பட்டன (தொடக்க Lv)
298	பயிற்சி இலக்கு
299	சாதாரண எதிரி
300	பாழ்நில பாஸ்
301	குகை பாஸ்
302	வான் பாஸ்
303	அசையா இலக்கு: தாக்காது (தொட்டாலும் சேதமில்லை)・வீழாது. தாக்குதலைச் சோதிக்க. ஓடும்போது வீரருடன் இடைவெளியைக் காக்கும்
304	எண்ணிக்கை
305	நகர்வு வலிமை
306	கட்டம்
307	பாஸ் தன் நுழைவு அசைவுடன் முன்னிருந்து தோன்றும்
308	குகை/வான் பாஸ்களின் நிலப்பரப்புத் திறன்கள் (குழி/கூரை/விழும் கல்/வான் பட்டை போன்றவை) சமதள அரங்கத்தில் முதன்மை விளையாட்டிலிருந்து வேறுபடும்
309	பாஸ் 1 வகை மட்டும் (சாதாரண எதிரிகளுடன் சேர்க்கலாம்)
310	எதிராளியாகச் சேர்
311	பாஸ் 1 வகை மட்டும் (முந்தைய பாஸுக்குப் பதில் மாற்றப்பட்டது)
312	தற்போதைய எதிராளிகள் ({0})
313	எதிராளி இல்லை (இப்படியே தொடங்கினால் எதிரியின்றி அசைவை மட்டும் முயலலாம்)
314	எதிரி வலிமை: {0}km புள்ளிக்குச் சமம் (HP/தாக்குதல் முதன்மை விளையாட்டின் அந்தத் தூரத்துக்குச் சமம்)
315	வேகம்
316	நில் (0km/h)
317	ஓடு (அடிப்படை வேகம்+திருத்தம்)
318	ஓடு (நிலையான வேகம்)
319	தானியங்கி முன்னேற்றம் மட்டும் நிற்கும் (தாக்குதல்/ஜம்ப்/ஈர்ப்பு/தடுமாற்றம்/எதிரி அசைவு முதன்மை விளையாட்டு போலவே)
320	அடிப்படை வேகத்துடன் கதாபாத்திர/கார்டு வேகத் திருத்தம் (SPEED UP போன்றவை) பெருக்கிய வேகத்தில் ஓடும்
321	திருத்தமின்றி இதே வேகத்தில் ஓடும் (வேகக் கார்டுகளின் வேறுபாட்டை நீக்கி ஒப்பிட)
322	இப்போது: அடிப்படை {0}km/h → உண்மை {1}km/h (திருத்தம் ×{2})
323	அழியாநிலை / HP
324	அழியாநிலை: {0}
325	HP முழு மீட்பு
326	அழியாநிலையிலும் “உண்மையில் பெற்ற சேதம்” முடிவில் காட்டப்படும்
327	கட்டுப்பாட்டு உதவி (அமைப்புகளின் “அதிவேகத் தானியங்கி உதவி” போன்றது. அரங்கத்தில் மட்டும்・அமைப்புகள் மாறாது)
328	OFF
329	ON
330	எப்போதும் (டெவ் பதிப்பு)
331	இயங்கும் வேகம் {0}km/h~
332	அரங்கத்தில் ஆதரவில்லை: FINAL EVOLUTION / AWAKENED / Mastery / ULTIMATE கேஜ் / லெவல் அப் / பாஸ் வெகுமதி / BONUS ZONE (கார்டுகளில் சாதாரண Lv விளைவும் COMBO-வும் மட்டும். வெகுமதி・பதிவு・கைவசம் எதுவும் மாறாது)
333	டெவ் பதிப்பு மட்டும்
334	சந்திக்காத எதிரிகளையும் தேர்: {0}
335	ரேண்டம் நிலைப்படுத்து: {0}
336	தடை உடைப்பு உதவி: {0}
337	வீழ்ந்தீர்கள்
338	அனைத்தும் அழிந்தது {0} வி
339	முடிந்தது
340	போரில்
341	இம்முறை: {0}
342	கொடுத்த சேதம்
343	பட்ட அடிகள்
344	வீழ்த்தியவை
345	வீழ்த்த ஆன நேரம்
346	பெற்ற சேதம் (குறைந்த HP)
347	உண்மைச் சேதம் (அழியாநிலை/Shield உட்பட)
348	போர் நேரம்
349	{0} வி
350	{0} ({1} முறை)
351	இம்முறை
352	முந்தையது
353	இம்முறை அமைப்பு: {0}
354	சோதனை பில்ட்: {0}
355	முந்தைய அமைப்பு: {0}
356	முந்தைய பில்ட்: {0}
357	அமைப்பை மாற்று
358	？？？ (இன்னும் சந்திக்கவில்லை)
359	அசையா இலக்கு
360	{0} / கார்டு {1} / {2} / {3}km புள்ளிக்குச் சமம்
361	கார்டு இல்லை
362	(கைவசத்தின் நகல்)
363	அரங்கம் தயாராகிறது
364	அரங்கம்
365	மிமிக் KO
366	கோப்ளின்
367	ஸ்லைம்
368	தேவதை
369	மிமிக்
370	MILE
371	EXP
372	JACKPOT!!
373	BONUS ZONE!
374	PERFECT:
375	JACKPOT CLEAR!
376	BONUS CLEAR!
377	JACKPOT  PERFECT!
378	PERFECT BONUS!
379	JACKPOT முடிவு
380	BONUS முடிவு
381	எதிரிகள்
382	CLEAR
383	PERFECT
384	மொத்தம்
385	சீரற்றது
386	முடிவு
387	ஓட்டம் தொடர {0}
388	தற்போதையது
389	{0} அடி
390	(நிலையானது)
391	மூலக் கார்டு டெக்/கதாபாத்திரக் கார்டில் பயன்பாட்டில் உள்ளது
392	ஏற்கனவே AWAKENED (★5) என்பதால் Mastery மேலும் முன்னேறாது (கார்டு செலவாகாது. ★5-க்குப் பின் மீதமுள்ள கார்டுகளின் பயன் பின்னர் சேர்க்கப்படும்)
393	இணைப்புக்குப் பின் Lv {0} ஆவதால் இணைக்க முடியாது (வரம்பு Lv.{1})
394	திறன்கள் {0} வகை ஆவதால் இணைக்க முடியாது (வரம்பு {1} வகை)
395	இணைப்பு நடைபெறுகிறது
396	கார்டுகள் போதவில்லை
397	<color=#ffd76a><b>【MASTERY】 Lv.9 MAX வளர்ப்பு</b></color>
398	முதன்மைக் கார்டு அப்படியே இருக்கும் (Lv.9 MAX); மூலக் கார்டு மட்டுமே செலவாகும்.
399	தற்போதைய Mastery: <color=#ffd76a>{0}</color>  {1}
400	இந்த இணைப்பு: <b>+{0} Mastery</b> (மூலம் Lv.{1} = {2} கார்டுக்குச் சமம்)
401	இணைப்புக்குப் பின்: <color=#ffd76a>{0}</color>  {1}
402	<size=19>(★{0} அளவு; மீதி அடுத்த ★-க்குச் செல்லும்)</size>
403	<size=19>★5-க்குப் பின் மீதமுள்ள {0} வீணாகாமல் சேமிக்கப்படும்</size>
404	<color=#ff9a8a><size=19>மூலத்தின் துணைத் திறன்கள் ({0} வகை) பெறப்படாது</size></color>
405	<size=19>Mastery சாதாரணத் திறனை (தாக்குதல்/வேகம்/EXP போன்றவை) உயர்த்தாது. இது வளர்ப்பின் பதிவும் AWAKENED நோக்கிய பயணமும்.</size>
406	<color=#ff9a8a>செயல்படுத்தினால் 1 மூலக் கார்டு செலவாகும்.</color>
407	<color=#ffd76a><b>【ஒரே பெயர் வலுவூட்டல் → Lv.9 MAX】 வெற்றி வாய்ப்பு 100%</b></color>
408	இணைப்பு Lv: Lv.{0} + Lv.{1} → <b>Lv.9 MAX</b>
409	Lv.9-ஐத் தாண்டிய <b>{0}</b> வீணாகாமல் Mastery-க்கு: {1} → <color=#ffd76a>{2}</color>{3}
410	<b>பெறும் திறன்கள் (வலுவூட்டல் 9 வரை)</b>
411	・{0} <b>×{1}</b>
412	<color=#ff9a8a>செயல்படுத்தினால் தேர்ந்த 2 கார்டுகள் செலவாகும் (முழுமைக் கார்டு Lv.9 MAX 1 கிடைக்கும்).</color>
413	<color=#ffd76a><b>【ஒரே பெயர் வலுவூட்டல்】 வெற்றி வாய்ப்பு 100%</b></color>
414	இணைப்பு Lv: Lv.{0} + Lv.{1} → <b>Lv.{2}</b>
415	<b>பெறும் திறன்கள் (ஒரே திறனின் வலுவூட்டல் கூட்டப்படும்)</b>
416	・{0} {1}<b>×{2}</b>  <size=18>({3} ×{4})</size>
417	<color=#9fd0ff><b>【வேறு பெயர் இணைப்பு】 முடிவு குலுக்கலில் தீர்மானிக்கப்படும்</b></color>
418	<b>முழுமைக் கார்டின் இணைப்பு Lv (முடிவு வாரியாக)</b>
419	・இரு பக்கமும் வெற்றி: Lv.{0} + Lv.{1} → <b>Lv.{2}</b>
420	・முதன்மை மட்டும் வெற்றி: <b>Lv.{0}</b> (முதன்மைப் பக்க Lv மட்டும்)
421	・மூலம் மட்டும் வெற்றி: <b>Lv.{0}</b> (மூலப் பக்க Lv மட்டும்)
422	・இரு பக்கமும் தோல்வி: முழுமைக் கார்டு இல்லை・<color=#ffd76a>{0} MILE</color> திருப்பித் தரப்படும்
423	<b>முதன்மைப் பக்க முழுத் திறன் பெறும் வாய்ப்பு {0}%</b>
424	・{0} ×{1}  <size=18>({2} ×{3})</size>
425	<b>மூலப் பக்க முழுத் திறன் பெறும் வாய்ப்பு {0}%</b>
426	இரண்டும் வெற்றி: இரு பக்கத் திறன்கள் அனைத்தும் பெறப்படும் (ஒரே திறனின் வலுவூட்டல் கூட்டப்படும்)
427	ஒரு பக்கம் மட்டும் வெற்றி: வென்ற பக்கத்தின் திறன்・வலுவூட்டல்・Lv மட்டும் பெறப்படும் (தோற்ற பக்கம் மிஞ்சாது)
428	மூலப் பக்கம் மட்டும் வென்றால், அதன் முதன்மைத் திறனே முழுமைக் கார்டின் முதன்மைத் திறன் ஆகும்
429	<size=18>(இரு பக்கத் தோல்வித் திருப்பம் =★{0}×Lv.{1}×{2} + ★{3}×Lv.{4}×{5})</size>
430	<color=#ff9a8a>செயல்படுத்தினால் தேர்ந்த 2 கார்டுகள் செலவாகும்.</color>
431	இந்தக் கார்டு கைவசம் இல்லை
432	டெக்கிலும் கதாபாத்திரக் கார்டிலும் பயன்பாட்டில் உள்ளதால் தேர்வு செய்ய முடியாது
433	கதாபாத்திரக் கார்டில் பொருத்தியுள்ளதால் தேர்வு செய்ய முடியாது
434	டெக்கில் பயன்பாட்டில் உள்ளதால் தேர்வு செய்ய முடியாது
435	ஒரே திறனுள்ள 2 கார்டுகள் தேவை (கைவசம் 1)
436	முதன்மை, மூலக் கார்டுகளைத் தேர்ந்தெடுக்கவும்
437	கார்டு தகவலை ஏற்ற முடியவில்லை
438	MASTERY உயர்வு！
439	இணைப்பு மாபெரும் வெற்றி！
440	இணைப்பு வெற்றி！
441	<size=21>★{0} அளவு முன்னேறியது (மீதி அடுத்த ★-க்குச் செல்லும்)</size>
442	<size=21>★5-க்குப் பின் மீதமான {0} சேமிக்கப்பட்டது (பின்னர் பயன்படுத்தலாம்)</size>
443	<size=21>இந்தக் கார்டு AWAKENED ஆனது (நிரந்தரப் பதிவு. சாதாரணத் திறன் மாறாது)</size>
444	முதன்மைக் கார்டு (Lv.9 MAX) அப்படியே உள்ளது; 1 மூலக் கார்டு செலவானது.
445	<size=21>Mastery சாதாரணத் திறனை (தாக்குதல்/வேகம்/EXP போன்றவை) உயர்த்தாது.</size>
446	இணைப்பு Lv.<b>{0}</b>{1}
447	<color=#ffd76a>ஒரே பெயர் வலுவூட்டல் (உறுதி)</color> … இரண்டின் திறன்களும் அனைத்தும் பெறப்படும்
448	முதன்மைப் பக்கம் ({0} Lv.{1}): {2}
449	மூலப் பக்கம் ({0} Lv.{1}): {2}
450	முதன்மைப் பக்க Lv மட்டும்
451	மூலப் பக்க Lv மட்டும்
452	<size=21>முழுமை Lv.{0} = {1}</size>
453	<b>முதன்மைத் திறன்</b>
454	<b>துணைத் திறன்கள் ({0}/{1})</b>
455	இல்லை
456	இணைப்பு தோல்வி…
457	முதன்மைப் பக்கம் ({0} Lv.{1}): <color=#9aa3b8>பெறுதல் தோல்வி</color>
458	மூலப் பக்கம் ({0} Lv.{1}): <color=#9aa3b8>பெறுதல் தோல்வி</color>
459	தேர்ந்த 2 கார்டுகள் செலவாயின.
460	திரும்பிய MILE  <color=#ffd76a><b><size=40>+{0}</size></b></color>
461	கைவசம் MILE  <b>{0}</b>
462	<color=#ffd76a><b>வலுவூட்டல் ×{0}→×{1}</b></color>
463	・{0} ×{1}{2}  <size=21><color=#b7bfd8>({3} ×{4})</color></size>
464	பின்செல்
465	கார்டு இணைப்பு
466	வரிசைப்படுத்து
467	முதன்மை
468	மூலம்
469	கார்டு
470	தேர்வில்
471	இணை
472	தவிர் ▶▶
473	மீண்டும் இணை
474	பட்டியலுக்குத் திரும்பு
475	கைவசம் MILE  {0}
476	{0} வகை / மொத்தம் {1}
477	முதன்மைக் கார்டு
478	மூலக் கார்டு
479	அனைத்தும்
480	நகர்வு
481	தாக்குதல்
482	தற்காப்பு
483	வளர்ச்சி
484	மீட்பு
485	சிறப்பு
486	அபாயம்
487	2 கார்டுகளைத் தேர்ந்தெடுக்கவும்
488	இணைக்க முடியாது
489	பெயர்
490	லெவல்
491	அரிதுநிலை
492	கைவசம் எண்ணிக்கை
493	கைவசம் {0}  பயன்படுத்தலாம்<color=#{1}
494	திறன் {0}
495	முதன்மை+மூலம்
496	பயன்பாட்டில்
497	<color=#ffd76a><b>{0}</b></color>  <b>{1}</b>  {2}  இணைப்பு Lv.{3}{4}
498	முதன்மைத் திறன்: {0}
499	துணைத் திறன்கள் ({0}):
500	・{0}
501	துணைத் திறன்கள்: இல்லை
502	<size=19><color=#b7bfd8>கைவசம் {0} / பயன்படுத்தலாம் {1}</color></size>
503	இடப் பட்டியலிலிருந்து கார்டைத் தேர்ந்தெடுக்கவும்.
504	தேர்வில் உள்ள கட்டத்தில் (ஒளிரும் கட்டம்) கார்டு சேரும். கட்டத்தைத் தட்டித் தேர்வு இடத்தை மாற்றலாம், × மூலம் தேர்வை நீக்கலாம்.
505	・ஒரே கார்டுகள் … 100% வெற்றியுடன் இணைப்பு Lv, எல்லாத் திறன்களும் கூட்டப்படும்
506	・வேறு கார்டுகள் … முதன்மைப் பக்கம் 50%/மூலப் பக்கம் 25% வாய்ப்பில் முழுத் திறன் பெறப்படும் (குலுக்கல்). ஒரு பக்கம் மட்டும் வென்றால் அதன் Lv, திறன்கள் மட்டுமே மிஞ்சும்
507	・இணைப்பு Lv வரம்பு Lv.9. ஒரே கார்டில் Lv.9-ஐத் தாண்டும் அளவு வீணாகாமல் Mastery-க்குச் செல்லும் (வேறு கார்டுகளில் மொத்தம் Lv.9-ஐத் தாண்டும் சேர்க்கையை இணைக்க முடியாது)
508	・Lv.9 MAX கார்டுடன் அதே கார்டை இணைத்தால் Mastery முன்னேறும் (★5-ல் AWAKENED)
509	<size=19>★5 (AWAKENED) அடைந்துவிட்டது. ★5-க்குப் பின் மீதமான கார்டுகளின் பயன் பின்னர் சேர்க்கப்படும் (இப்போது இணைப்பில் செலவாகாது).</size>
510	அதே கார்டை ({0}) மூலமாகத் தேர்ந்தால், மூலத்தின் Lv அளவு Mastery முன்னேறும் (Lv.1 = +1).
511	அடுத்து மூலக் கார்டைத் தேர்ந்தெடுக்கவும்.
512	அடுத்து முதன்மைக் கார்டைத் தேர்ந்தெடுக்கவும்.
513	இந்தக் கார்டு AWAKENED (★5)
514	முழுமைக் கார்டு முதன்மையாக வைக்கப்பட்டது. மூலக் கார்டைத் தேர்ந்தெடுக்கவும்
515	உறுதி வலுவூட்டல்
516	AWAKENED！
517	Lv.9 MAX அடைந்தது！
518	ஒரே பெயர் வலுவூட்டல் முடிந்தது！
519	மாபெரும் வெற்றி！ இரு பக்கத் திறன்களும் பெறப்பட்டன
520	முதன்மைப் பக்கத் திறன்கள் பெறப்பட்டன
521	மூலப் பக்கத் திறன்கள் பெறப்பட்டன
522	பெறுதல் தோல்வி…  கார்டுகள் MILE-ஆக மாற்றப்பட்டன
523	{0} பக்கம் பெறுதல் வெற்றி！
524	{0} பக்கம் பெறுதல் தோல்வி
525	வேக பில்ட்
526	தற்காப்பு பில்ட்
527	இரத்த பில்ட்
528	நெருப்பு பில்ட்
529	பனி பில்ட்
530	மின்னல் பில்ட்
