531	เน้น Wind
532	เน้น Boss
533	เน้น EXP
534	เน้น MILE
535	Challenge จัดเต็ม
536	การโจมตีเสริมทั้งหมด (ทดสอบภาระ)
537	ผสมทั่วไป
538	เน้น Attack
539	Risk สุดขั้ว (แลก HP)
540	สวนกลับอีจิส
541	OVERDRIVE
542	VFX เสริมพลังเล็กๆ เมื่อโจมตีโดน
543	เสริมภาพติดตาตอนความเร็วสูง
544	Blood Aura เมื่อฟื้นฟู
545	เสริมเอฟเฟกต์ฟื้นคืนชีพ / โบนัสเพิ่มเล็กน้อย
546	VFX เฉพาะตอนทำงาน
547	ฉากปิดท่าไม้ตาย/ออร่าเฉพาะ/เอฟเฟกต์ BUFF/VFX ท่าปิด (ไม่เพิ่มดาเมจ)
548	ประกาศจับ! ผู้ร้ายค่าหัวปรากฏตัว
549	ค่าหัว!
550	COMBO!
551	{0} วินาที
552	{0}m ถัดไป
553	FINAL EVOLUTION: เกิดใหม่
554	โอกาสสุดท้าย
555	ฟื้นแรงใหม่
556	ฟีนิกซ์
557	ฟาดหางจนแข็งทื่อ! โอกาสโจมตี!
558	ตาอ่อนแรงแล้ว! หัวคือจุดอ่อน!
559	หัวก้มลงแล้ว! โอกาสสวนกลับยาว!
560	กระโดด!
561	ลงมา!
562	มานาหมด! โอกาสโจมตียาว!
563	พลิกคว่ำแล้ว! โอกาสใหญ่!
564	หางปักพื้น! โอกาสโจมตี!
565	ตาลาย! โอกาสโจมตี!
566	กระบองดึงไม่ออก! โอกาสโจมตี!
567	หัวค้างอยู่ที่พื้น! โอกาสโจมตี!
568	แกนโผล่! ทำ BREAK ง่าย!
569	กระแทกพื้น! โอกาสโจมตี!
570	ตั้งค่าการ์ด ▶
571	<color=#FFD866><b>การ์ดตัวละคร</b></color>
572	<color=#8890A0>(ว่าง)</color>
573	ล็อกอยู่
574	เงื่อนไขปลดล็อก:
575	[หลัก]
576	[รอง]
577	ความเร็วเคลื่อนที่
578	พลังโจมตี
579	พลังกระโดด
580	จำนวนกระโดด
581	HP สูงสุด
582	ระยะโจมตี
583	ความเร็วโจมตี
584	พลังโจมตีกลางอากาศ
585	โล่
586	EXP ที่ได้รับ
587	โอกาสดูดซับ
588	ปริมาณดูดซับ
589	อัตราศัตรูปรากฏ
590	พลังโจมตีบนพื้น
591	พลังท่าปิด COMBO
592	พลังท่าเปิด
593	พลังโจมตีตอนใกล้ตาย
594	พลังโจมตีตอน HP เต็ม
595	พลังโจมตีตอนเร่งความเร็ว
596	พลังโจมตีต่อบอส
597	HP ศัตรู
598	HP บอส
599	MILE ที่ได้รับ
600	MILE จากบอส
601	โอกาสลุกไหม้ (Burn)
602	พลังลุกไหม้
603	เวลาลุกไหม้
604	โอกาสติดเย็น (Chill)
605	การชะลอของความเย็น
606	เวลาติดเย็น
607	การสะสมจนแช่แข็ง
608	เวลาแช่แข็ง
609	โอกาสฟ้าผ่า
610	พลังฟ้าผ่า
611	จำนวนลูกโซ่
612	ระยะลูกโซ่
613	โอกาสใบมีดลม
614	พลังใบมีดลม
615	จำนวนทะลุ
616	ระยะใบมีดลม
617	โอกาสเลือดไหล (Bleed)
618	พลังเลือดไหล
619	เวลาเลือดไหล
620	ดูดซับจากเลือดไหล
621	เสริมเลือดไหลตอนใกล้ตาย
622	ความเร็วการโจมตีหลัก
623	ระยะโจมตีจริง
624	HP สูงสุด (หัวใจ)
625	หัวใจที่ผนึก
626	โจมตีกลางอากาศ
627	โจมตีบนพื้น
628	ท่าเปิด
629	ระหว่างชุดโจมตี
630	ท่าปิด
631	โจมตีต่อบอส
632	โจมตีต่อศัตรูทั่วไป
633	โจมตีต่อศัตรูกลางอากาศ
634	โจมตีลง/ทุบลง
635	โจมตีตอน HP เต็ม
636	โจมตีตอน HP ไม่เกิน 50%
637	โจมตีตอน HP ไม่เกิน 25%
638	ความเร็วโจมตีตอน HP ต่ำ
639	โอกาสดูดซับตอน HP ไม่เกิน 25%
640	โจมตีต่อการผนึก 1 ดวง
641	โจมตีต่อ 1 ฮิต
642	โจมตีต่อจำนวนครั้งที่โดนกลางอากาศ
643	โจมตีที่ 150km/h
644	โจมตีระหว่าง OVERDRIVE
645	ความเร็วโจมตีระหว่าง OVERDRIVE
646	จำนวน Shield สูงสุด
647	การคืน Shield (ลดวินาที)
648	ปริมาณฟื้นฟู (หัวใจ)
649	โอกาสโจมตีเพิ่ม
650	อมตะหลังโดนโจมตี (วินาที)
651	ลดอาการเซ
652	ความเร็วการกระทำของศัตรู
653	โอกาสศัตรูชั้นยอด
654	MILE จากสมบัติ・รางวัล
655	MILE จากระยะทาง
656	EXP จากระยะทาง
657	EXP จากการกำจัด
658	จำนวนครั้งจนแช่แข็ง
659	พลังสายฟ้า
660	หยุดจากฟ้าผ่า (วินาที)
661	ระยะฟ้าผ่า (m)
662	ความเร็วใบมีดลม
663	Lv ผล
664	ใช้อยู่ แปลงไม่ได้
665	มี x{0}
666	แตะการ์ดเพื่อดูรายละเอียด
667	[การ์ดตัวละครของตัวละครอื่น]
668	การ์ดนี้กำลังใช้อยู่ ถอดออกก่อนแล้วค่อยใช้
669	แปลงเป็น {CardConvertMile} MILE ไหม?
670	เปลี่ยนเด็คปัจจุบัน
671	เป็นจัดชุดแนะนำไหม?
672	ถอดการ์ดทั้งหมด
673	ออกจากเด็คไหม?
674	มังกรบินต่ำแล้ว! โอกาสสวนกลับ!
675	เฟสสุดท้าย!
676	BREAK!
677	มังกรสะสมเพลิง
678	ลูกไฟยักษ์แห่งนรก
679	ไฟ {0}% {1}/s {2}s
680	น้ำแข็ง {0}% -{1}% {2}s แช่แข็ง {3} ครั้ง/{4}s
681	ศูนย์องศาสัมบูรณ์ Lv{0}
682	สายฟ้า {0}% {1} ลูกโซ่ {2} ระยะ {3}m หยุด {4}s
683	ลม {0}% {1} ทะลุ+{2} {3}m
684	เลือด {0}%{1}
685	การ์ดใหม่
686	ซ้ำ
687	(AWAKENED แล้ว・เก็บไว้)
688	→ ฟิวชันเพื่อ MASTERY +1
689	แตะเพื่อไปต่อ (เหลือ {0} ใบ)
690	แตะเพื่อปิด / แตะกาชาเพื่อสุ่มต่อ
691	ถัดไป
692	OK
693	MILE ไม่พอ
694	หยุดชั่วคราว ― ดูรอบๆ ให้ดีแล้วค่อยเล่นต่อ
695	พร้อมแล้วเล่นต่อ
696	GO!
697	ปลดล็อกใหม่:
698	พร้อม
699	ความเร็ว
700	เร็วขึ้น!
701	เหลือแค่เหตุผลการหยุดรอเลือก
702	เหลือแค่เหตุผลการหยุดจากเมนูพัก
703	ภาพช้าตอนบอสปรากฏนานเกินไป
704	เหลือแค่ภาพช้าตอนบอสปรากฏ
705	รางวัลบอส
706	เลเวลอัป
707	รอเลือกแต่ไม่มีหน้าจอเลือก → แสดงอีกครั้ง ({0}, ครั้งที่ {1}, ok={2})
708	รอเลือกแต่แสดงหน้าจอเลือกไม่ได้ → แก้โดยไม่เลือก ({0})
709	หน้าจอเลือกเปิดไม่ตรงกัน → ปิดแล้วแสดง {0} ใหม่
710	BEST
711	ระยะทาง
712	II
713	ขั้น:
714	รันใหม่
715	เคลียร์เกม
716	ล้มเหลว
717	เวลา
718	ศัตรูที่กำจัด
719	บอสที่กำจัด
720	โบนัส
721	BONUS ZONE
722	โบนัสวงแหวน
723	EXP รวม
724	อัปเกรดที่ได้
725	MILE รวม
726	ศัตรู / บอส
727	EXP รวม / อัปเกรด
728	สิ่งที่เสียไป: MILE ของรันนี้ {0}
729	สิ่งที่ยังอยู่: สถิติระยะ BEST (ทำลายสถิติ!)・ระยะวิ่งสะสม
730	สิ่งที่ยังอยู่: สถิติระยะ BEST・ระยะวิ่งสะสม
731	การ์ดที่มี・MILE (กระเป๋า {0})
732	HP
733	ผนึก {0}
734	โล่ {0}
735	MAX
736	ฟิวชัน Lv.{0}  ความสามารถ {1} ชนิด
737	เฉพาะความเร็ว x{0} (ไม่เปลี่ยนระยะห่างการวาง)
738	ตัวช่วย ON
739	ตัวช่วย OFF
740	ล่าสุด:{0} ({1})
741	ไม่ได้:{0}
742	อุปสรรค:{0} ทำลาย{1}/กระโดด{2}/ไม่ได้{3}
743	{0} ตัดสิน{1}km/h (ON≧{2}/OFF<{3}){4}{5}
744	พื้นหลัง: {0}
745	[พรีวิว]
746	โหลด {0} ภาพ {1}MB
747	พื้นหลัง◀
748	พื้นหลัง▶
749	เปลี่ยนผ่าน
750	ปกติ
751	ไปที่รอยต่อ
752	ตั้งค่า
753	สนามประลอง
754	สนามประลอง (ล็อก)
755	สนามประลองยังไม่ปลดล็อก
756	เงื่อนไขปลดล็อก: {0}
757	DEBUG
758	รันปัจจุบันและ MILE ที่ยังไม่ยืนยัน
759	จะถูกทิ้ง แน่ใจไหม?
760	ทิ้งแล้วเริ่มรันใหม่
761	ยกเลิก
762	เล่นต่อ
763	กลับหน้าหลัก
764	กลับไปที่ห้องหลัก
765	รันจะไม่จบ และสามารถ
766	CONTINUE ต่อจากตรงนี้ได้
767	การ์ดนี้ถูกใช้อยู่ที่อื่น
768	{0} รวมกับการ์ดตัวละครอื่นแล้วเกิน Lv{1} จึงติดตั้งไม่ได้ (ส่วนที่เกินไม่มีผล)
769	คำเตือน: {0} รวมกับการ์ดตัวละครอื่นแล้วเกิน Lv{1} (ส่วนที่เกิน {2} Lv ไม่มีผล)
770	บอสรัช  สู้ไปวิ่งไป! WARNING ใกล้เข้ามา! ล้มบอสที่เหลือให้หมด! ABCDEFGHIJKLMNOPQRSTUVWXYZ0123456789
771	ไกลกว่านั้น
772	ยมทูตสามพี่น้อง
773	สามพี่น้อง
774	ONE MORE MILE?
775	คลั่ง!
776	เวทฟ้าจู่โจม
777	ปีศาจแข็งทื่อ! โอกาสโจมตี!
778	เวอร์ชันไม่ตรงกัน
779	กำลังเล่น
780	เต็ม
781	ว่าง
782	บอส:
783	HOST
784	JOIN
785	บอส
786	เป้าหมาย
787	ปิดฉากบอส:
788	กำจัดศัตรู:
789	เล่นกับเครื่องที่เชื่อมต่อ Wi-Fi เดียวกันหรือฮอตสปอตมือถือ (สูงสุด
790	คน)
791	ออนไลน์ (เร็วๆ นี้)
792	ขั้นสูง (ใส่ IP เอง・สำหรับนักพัฒนา)
793	ปิด
794	มัลติ {0}/{1}
795	มัลติ
796	เลือกโหมด
797	ล้มแล้วจะ DOWN เพื่อนที่มาถึงจุดที่ล้ม (HP 2 ขึ้นไป) ให้ HP 1 หน่วยเพื่อชุบชีวิต ทุกคน DOWN คือจบ
798	ล้มแล้วตกรอบ (ไม่มีฟื้นคืน) เล่นจนเหลือคนสุดท้าย อันดับตัดสินจากระยะที่ไปถึง
799	CO-OP
800	VERSUS
801	สร้างห้องด้วยเครื่องนี้ ห้องจะแสดงใน "FIND GAME" ของเครื่องที่อยู่ใกล้
802	ค้นหาห้องใกล้ๆ แล้วเข้าร่วม (ไม่ต้องใส่ IP)
803	ห้องใกล้ๆ (กำลังเลือก {0} เล่นด้วยโหมดของ HOST)
804	เชื่อมต่อล้มเหลว
805	เชื่อมต่อไม่ได้ ตรวจสอบว่าใช้ Wi-Fi เดียวกันแล้วลองอีกครั้ง
806	เชื่อมต่อล้มเหลว:
807	กำลังเชื่อมต่อ… {0}
808	กำลังค้นหาเกมในพื้นที่…
809	ไม่พบเกม
810	กด "CREATE GAME" ที่เครื่อง HOST แล้วเชื่อมต่อ Wi-Fi (ฮอตสปอต) เดียวกัน
811	ค้นหาใหม่
812	ห้องที่เข้าร่วม
813	โหมด: {0} (HOST เป็นผู้กำหนด)
814	โหมด: HOST เป็นผู้กำหนด (ปรับให้ตรงกันอัตโนมัติตอนเริ่มรัน)
815	กำลังแสดงใน "FIND GAME" ของเครื่องใกล้ๆ
816	เมื่อครบแล้ว กด "ปิด" → ประตู → กด "ออกเดินทาง" ที่หน้าเลือกด่าน ทุกคนจะเริ่มในด่านเดียวกันพร้อมกัน
817	เมื่อ HOST ออกเดินทางจะเริ่มอัตโนมัติ รอสักครู่
818	ปิดห้อง
819	ออกจากห้อง
820	ปิด (ห้องยังอยู่)
821	ขั้นสูง: เชื่อมต่อด้วย IP (สำหรับนักพัฒนา)
822	เชื่อมต่อ Wi-Fi เดียวกันหรือฮอตสปอตมือถือ (สูงสุด {0} คน)
823	(ดึงข้อมูลไม่ได้ - ตรวจสอบในการตั้งค่า Wi-Fi ของเครื่อง)
824	IP ของเครื่องนี้:
825	สถานะ:
826	CO-OP: ล้มแล้วจะ DOWN เพื่อนที่มาถึงจุดที่ล้ม (HP 2 ขึ้นไป) ให้ HP 1 หน่วยเพื่อชุบชีวิต ทุกคน DOWN คือจบ
827	VERSUS: ล้มแล้วตกรอบ (ไม่มีฟื้นคืน) เล่นจนเหลือคนสุดท้าย อันดับตัดสินจากระยะที่ไปถึง
828	โหมด: HOST เป็นผู้เลือก (ปรับให้ตรงกันอัตโนมัติตอนเริ่มรัน)
829	พอร์ต
830	HOST (สร้างห้องด้วยเครื่องนี้)
831	JOIN: ใส่ IP ที่แสดงบนเครื่อง HOST
832	ผู้เล่นที่เชื่อมต่อ {0}/{1}
833	ประตู → กด "ออกเดินทาง" ที่หน้าเลือกด่าน ทุกคนที่เชื่อมต่อจะเริ่มในด่านเดียวกันพร้อมกัน
834	ปิดห้อง (จบ HOST)
835	ตัดการเชื่อมต่อ
836	มัลติ: ตัดการเชื่อมต่อ
837	UI:
838	กลับหน้าหลัก
839	วิ่งต่อไป
840	ผล VERSUS
841	ผล CO-OP
842	รอ HOST ออกเดินทาง
843	ยังมีผู้เล่นที่วิ่งอยู่
844	HOST: รอผู้เข้าร่วม
845	ข้อผิดพลาดการเริ่มต้น
846	กำลังปิดการเชื่อมต่อก่อนหน้า รอสักครู่แล้วลองใหม่
847	เริ่ม HOST ไม่ได้ (พอร์ตอาจถูกใช้อยู่)
848	รูปแบบ IP ไม่ถูกต้อง (ตัวอย่าง: 192.168.1.23)
849	กำลังเชื่อมต่อ… {0}:{1}
850	เริ่ม JOIN ไม่ได้
851	HOST: เชื่อมต่อ {0}/{1} คน
852	JOIN: เชื่อมต่อสำเร็จ {0}
853	การเชื่อมต่อขาดหาย
854	ผู้เล่นอีกฝ่าย
855	ตัดการเชื่อมต่อแล้ว
856	การเชื่อมต่อกับ HOST ขาดหาย
857	การเชื่อมต่อถูกปฏิเสธ:
858	ห้องเต็ม
859	รันกำลังดำเนินอยู่
860	เชื่อมต่อ HOST ไม่ได้
861	เกิดข้อผิดพลาดในการสื่อสาร
862	OMM-NET-
863	PS5
864	หลบหนี
865	แตะอีกครั้งเพื่อยืนยัน
866	แตะการ์ดเพื่อเลือก
867	AWAKENED
868	FINAL EVOLUTION
869	ติดตั้งแล้ว
870	ใหม่
871	ความแรง Lv{d.level:0.0}{(d.def.risk ?
872	COMBO
873	ตัวละคร
874	เด็ค
875	ถึง {1}m ใน {0}
876	สูงสุด {0}m / {1}m
877	เกมโอเวอร์ที่ระยะไม่เกิน 1,000m ในแผนที่ใดก็ได้
878	ปลดล็อก:
879	ตัวละครใหม่:
880	เข้าได้จาก "สนามประลอง" ในหน้าหลัก
881	ออกเดินทางได้จากการเลือกแผนที่
882	ปลดล็อก {0} แล้ว
883	{0} เข้าร่วมทีมแล้ว
884	เลือกได้ในหน้าเลือกตัวละคร
885	แด่คุณผู้วิ่งไม่หยุด
886	เส้นทางสุดท้ายได้เปิดออกแล้ว
887	เสียง
888	(ใช้เสียงไม่ได้)
889	ทั้งหมด
890	BGM
891	SE
892	เสียงบรรยากาศ
893	ภาษา / Language
894	ภาษา
895	แสดงผลด้วยภาษาที่เลือก
896	ตามภาษาของเครื่อง
897	การแสดงผล
898	การวางแนวจอ
899	แนวนอน
900	แนวตั้ง
901	จอสั่น
902	เอฟเฟกต์แสง
903	※ สัญญาณเตือนการโจมตีของศัตรูและการแสดงผลที่จำเป็นต่อการควบคุมจะไม่ลดลง
904	การควบคุม
905	(ใช้ตัวช่วยอัตโนมัติไม่ได้)
906	ตัวช่วยตอนความเร็วสูง
907	ความเร็วเริ่มช่วย
908	เมื่อความเร็ววิ่งเกินค่านี้ จะช่วยกระโดดข้ามหลุม/อุปสรรค/ศัตรู และ
909	ช่วยโจมตีอัตโนมัติ (การควบคุมของคุณมาก่อน)
910	วิธีเล่น
911	ฝึกการควบคุม
912	ฝึกโจมตีหน้า-หลัง/กระโดด/โจมตีลง/ตีลอย/การ์ด (ไม่มีรางวัล)
913	เริ่มฝึกได้ที่หน้าหลัก (ระหว่างรัน/มัลติไม่ได้)
914	มือยักษ์ค้างอยู่บนแท่น! โอกาสใหญ่!
915	แกนมืดลงแล้ว! ทำ BREAK ง่าย!
916	หัวอยู่ใกล้! โอกาสโจมตี!
917	เสียหลักแล้ว! โอกาสสวนกลับ!
918	สร้างร่างใหม่ล้มเหลว! แกนโผล่!
919	เปลวไฟอ่อนลงแล้ว! โอกาสโจมตี!
920	หัวโผล่ต่ำออกจากเมฆ! โอกาสโจมตี!
921	วงแสงหายไปแล้ว! โอกาสสวนกลับยาว!
922	ประจุไฟฟ้าหายไปแล้ว! โอกาสสวนกลับใหญ่!
923	พุ่งทะยานออกตัว… ({0})
924	พุ่งทะยานออกตัว…
925	พุ่งทะยานออกตัว  {0}
926	วิ่งผ่านช่วงที่เคลียร์แล้วในรวดเดียว แล้วเริ่มวิ่งจากก่อนถึงด่านที่เลือกเล็กน้อย การ์ดจากรางวัลบอสระหว่างทางจะได้รับอัตโนมัติ ลอดวงแหวนทุก 5,000m เพื่อเลือกการ์ดเพิ่มได้อีก 1 ใบ
927	พุ่งไปถึง {0}km   (ประมาณ {1} วินาที + วงแหวน){2}
928	(เวอร์ชันพัฒนา: DEBUG ปลดล็อกทั้งหมด ON)
929	ระยะที่ไม่รองรับ
930	DEBUG ปลดล็อกทั้งหมด
931	ยังไม่ถึง {0}km (สูงสุด {1}km)
932	ยังไม่ได้กำจัดผู้เฝ้าประตูที่ {0}km
933	พุ่งทะยานต่อ!
934	วงแหวน!  ตอนนี้ไม่มีการ์ดที่รับได้
935	พลาดวงแหวน
936	การ์ดโบนัส
937	วงแหวน!
938	ตอนนี้ไม่มีการ์ดที่รับได้
939	การ์ดทั้งหมดในเด็คถึง Lv9 แล้ว
940	รางวัลวงแหวนต่อจากนี้เป็น MILE
941	ปุ่มทิศทาง / สติกขึ้นลง (A = ขึ้น / B = ลง)
942	ปุ่ม ↑↓ / W・S
943	ปัดขึ้นลง / ▲▼ ขวาล่าง
944	พุ่งทะยานออกตัว  →  ไปก่อนถึงด่าน {0}m
945	รับรางวัลบอสอัตโนมัติ {0}/{1}   วงแหวน {2}/{3}{4}
946	การ์ดทั้งเด็ค Lv{0} MAX
947	รางวัลวงแหวนคือ +{0} MILE
948	ตอนนี้ไม่มีการ์ดที่รับได้ (×{0})
949	ใช้ {0} ปรับความสูงแล้วลอดวงแหวน (พลาดก็ไม่เสียอะไร)
950	ขึ้นลงเพื่อเคลื่อนที่ / ผ่านวงแหวนได้ +MILE
951	ขึ้นลงเพื่อเคลื่อนที่ / ผ่านวงแหวนได้การ์ดเพิ่ม
952	การ์ดทั้งหมดในเด็คเป็น Lv9 แล้ว รางวัลวงแหวนเป็น MILE
953	กดปุ่ม H (หรือปุ่มเมาส์) ค้าง 3 วินาที
954	กดปุ่ม BACK ค้าง 3 วินาที
955	กดหน้าจอค้าง 3 วินาที
956	สำหรับผู้เล่นใหม่
957	ฝึกการควบคุมก่อนได้ (2-3 นาที・ไม่จำกัดเวลา)
958	การฝึกจะไม่เพิ่มรางวัลหรือสถิติ
959	ฝึกได้ทุกเมื่อจาก "วิธีเล่น" ในตั้งค่า
960	หลบหนีได้แล้ว
961	{0} เพื่อหลบหนี และ
962	นำ MILE ที่เก็บได้ในรันนี้กลับไปได้
963	ถ้าล้ม MILE ของรันนี้จะหายไป
964	(สถิติระยะ BEST ยังอยู่)
965	วิ่งต่อไปก็ได้ จะหลบหนีหรือไม่ก็ตามใจ
966	นำ MILE กลับมาแล้ว!
967	MILE ใช้กับกาชาในหน้าหลักได้ (ครั้งละ {0} MILE)
968	ใส่การ์ดที่ได้ลงเด็ค เพื่อให้รันถัดไปแกร่งขึ้น
969	เริ่มเลย
970	เข้าใจแล้ว
971	(ประกาศ {0} รายการ)
972	จัดเด็คเรียบร้อยแล้ว
973	ถอดการ์ด {1} ใบที่เกินขีดจำกัดเด็ค ({0} ใบ) ออกจากเด็คแล้ว
974	การ์ดยังอยู่ในรายการที่มี สลับได้ในหน้าแก้ไขเด็ค
975	เด็คมี 12 ใบแล้ว
976	กำลังเตรียม
977	ปัดไปทางขวา (หน้า)
978	ปุ่ม → / D / Z
979	ปุ่ม X (สติกขวา →)
980	ปัดไปทางซ้าย (หลัง)
981	ปุ่ม ← / A / X
982	ปุ่ม Y (สติกขวา ←)
983	ปัดขึ้น
984	ปุ่ม ↑ / W / Space
985	ปุ่ม A (สติกขวา ↑)
986	ปัดลง
987	ปุ่ม ↓ / S
988	ปุ่ม B (สติกขวา ↓)
989	กระโดด
990	โจมตีลง
991	ตีลอย → ไล่ตีกลางอากาศ
992	เลือกการ์ด
993	จบการฝึก
994	ตัวละครวิ่งอัตโนมัติ
995	ปัดไปหน้าหรือหลังเพื่อโจมตีทิศนั้น
996	หน้า: {0}
997	หลัง: {0}
998	ปัดขึ้นเพื่อกระโดด
999	ปัดขึ้นอีกครั้งกลางอากาศเพื่อกระโดดสองชั้น
1000	กระโดด: {0}
1001	ปัดลงระหว่างกระโดดเพื่อดิ่งลงโจมตีด้านล่าง
1002	ใช้ตอนที่ใต้เท้าเป็นพื้นมั่นคง
1003	โจมตีลง: {0}
1004	กระโดดใกล้ศัตรูเพื่อโจมตีขึ้นตีศัตรูลอย
1005	ศัตรูที่ลอยอยู่ ไล่ตีต่อกลางอากาศได้
1006	(ถ้ายากเกินไปข้ามได้)
1007	เมื่อวิ่งไปเลเวลจะขึ้น และเลือกการ์ดได้ 1 จาก 3 ใบ
1008	พลังที่เลือกใช้ได้แค่ในรันนั้นเท่านั้น
1009	นี่คือการฝึก ผลจึงมีแค่ในการฝึกนี้
1010	การควบคุมพื้นฐานมีเท่านี้
1011	เริ่มจากมุ่งไปหาบอสที่ 1,000m กัน!
1012	โจมตีหน้า [{0}]   โจมตีหลัง [{1}]
1013	กระโดด [{0}]   กระโดดสองชั้น [{1}]
1014	ระหว่างกระโดด ขึ้นอีกครั้ง
1015	กระโดดแล้วลง [{0}]
1016	กระโดดขึ้นก่อน → ลงกลางอากาศ
1017	ตีลอย [{0}]   ไล่ตีกลางอากาศ [{1}]
1018	กระโดดตรงหน้าศัตรู
1019	โจมตีหน้าใส่ศัตรูที่ลอยระหว่างกระโดด
1020	เลือกการ์ด 1 ใบ
1021	เลิกฝึก
1022	ออกเดินทาง
1023	กลับหน้าหลัก
1024	ฝึกอีกครั้ง
1025	ลองเลย
1026	ข้าม
1027	ลองเลือก
1028	OK!
1029	มัลติไม่รองรับ
1030	กำลังใช้งาน
1031	ตอนนี้ใช้ไม่ได้
1032	บอสกำลังปรากฏ
1033	กำลังโดนโจมตี
1034	อยู่ใน BONUS
1035	ULTIMATE
1036	มัลติ×
1037	เฉือนดำพริบตา
1038	ดาบเดียวกุหลาบซากุระบานสะพรั่ง
1039	ระบำคู่
1040	ระดมยิงทุกทิศ
1041	ทะลวงสังหารมังกร
1042	เวทขั้นสูงสุด กราวด์ซีโร่
1043	เรนโรด
1044	หมัดรัวสุดแรงใจ
1045	แยกเงาร่างความเร็วสูง
1046	โอเวอร์ฮีต
1047	จุดจบ
1048	อาคมระเบิดถล่ม
1049	ไม่มีการ์ดกำลังใช้งานกำลังเลือกบอสกำลังปรากฏตอนนี้ใช้ไม่ได้กำลังโดนโจมตีอยู่ใน BONUSกำลังเตรียม
1050	ร่อนพายุสามระลอก
1051	จู่โจมรัวสามเศียร
1052	โอกาส!
1053	ค่ายกลเสามารแห่งยมโลก
1054	ใบมีดดำสามประกาย
1055	ควบม้าพุ่งชน
1056	อสรพิษผ่าแผ่นดิน
1057	กระบองยักษ์ถล่มฟ้า
1058	ระบำมรณะแปดขา
1059	พุ่งแซงดั่งพายุ
1060	พิโรธแห่งปฐพี
1061	แกนโผล่!
