8000	ฟิวชัน
8001	กาชา
8002	แตะการ์ดเพื่อเลือก → แตะอีกครั้งเพื่อยืนยัน
8003	มุมมองรันแนวตั้ง
8004	มองจากด้านข้าง
8005	มองเฉียงจากบน
8006	มองจากด้านข้าง: ถนนไหลไปด้านข้าง เห็นพื้นใต้เท้าและชั้นบน/ล่างได้ง่าย
8007	มองเฉียงจากบน: ถนนทอดยาวไปข้างหน้า มองเห็นศัตรูและหลุมข้างหน้าได้เร็ว
8008	การเปลี่ยนระหว่างรันจะมีผลเมื่อปิดการตั้งค่า
8009	ใช้กับรันในแนวตั้ง
8010	ใช้เมื่อหน้าจอเป็นแนวตั้ง (มุมมองแนวนอนไม่เปลี่ยน)
8011	พุ่งทะยานออกตัว
8012	→ ไปก่อนถึงด่าน {0}m
8013	รางวัล {0}/{1}    วงแหวน {2}/{3}{4}
8014	+อีก {0} ใบ
8015	ใช้ {0} ปรับความสูงแล้วลอดวงแหวน
8016	(พลาดก็ไม่เสียอะไร)
8017	เลือกการ์ดจากรายการด้านบน
