5000	เล่นกับเครื่องที่เชื่อมต่อ Wi-Fi เดียวกันหรือฮอตสปอตมือถือ (สูงสุด 8 คน)
5001	เล่นผ่านอินเทอร์เน็ตกับคนที่อยู่ไกล (สูงสุด 8 คน)
5002	กำลังเชื่อมต่อบริการออนไลน์…
5003	สร้างห้อง ห้องจะแสดงใน "FIND GAME" ออนไลน์
5004	ค้นหาห้องออนไลน์แล้วเข้าร่วม
5005	กำลังสร้างห้อง…
5006	สร้างห้องไม่ได้ ตรวจสอบการเชื่อมต่อแล้วลองอีกครั้ง
5007	ห้องออนไลน์
5008	เชื่อมต่อไม่ได้ ลองอีกครั้ง
5009	กำลังเชื่อมต่อ…
5010	กำลังค้นหาห้องออนไลน์…
5011	สร้างห้องด้วย "CREATE GAME" หรือรอสักครู่แล้วค้นหาใหม่
5012	ตรวจสอบการเชื่อมต่อ
5013	ตรวจสอบว่าเชื่อมต่ออินเทอร์เน็ตแล้วลองอีกครั้ง LOCAL PLAY (Wi-Fi เดียวกัน) ยังเล่นได้ตามปกติ
5014	ห้องใกล้ๆ
5015	(HOST เป็นผู้กำหนด)
5016	HOST เป็นผู้กำหนด (ปรับให้ตรงกันอัตโนมัติตอนเริ่ม Run)
5017	คุณ
5018	กำลังแสดงใน "FIND GAME" ออนไลน์
