2000	Слідопит із глибоких лісів\nз довгим луком, вищим за нього самого.\nЩо довше натягує, то сильніше б'є -\nале зблизька йому майже нічим відповісти.
2001	Юний лицар-дракон зі списом,\nвикуваним з драконячого ікла.\nВін проламує будь-який стрій у лоб -\nале тих, хто прослизне йому під руку,\nвідбити йому важко.
2002	Воїтелька з кров'ю драконів.\nЇй не потрібна зброя - пазурі, хвіст і вогонь\nзмітають усе на шляху.\nЧерез розмір у неї легко влучити, але важко зупинити.
2003	Спритна мечниця з двома клинками, що в'яже\nудари в ланцюг, ніколи не сповільнюючись.\nШвидкість і розгін - її найбільша зброя.
2004	Майстер бойових мистецтв, що б'ється\nлише залізними рукавицями.\nЙому треба підійти впритул - а вдариш першим,\nі він відповість ще сильніше.
2005	Два пістолі, одна гостра лінія вогню.\nВона виграє бій ще до того,\nяк ворог підійде - але пропусти одного,\nі їй нічим відповісти.
2006	Чарівниця, що ніколи не торкається землі.\nВона здіймається й опускається, як забажає,\nзасипаючи чарами все внизу -\nале один удар ранить її глибоко.
2007	Екзорцистка з гірського святилища.\nВона розкладає офуда й бар'єри попереду,\nі сам шлях обертається проти ворогів -\nале першою вона б'є повільно.
2008	Шинобі, якої ніколи немає там, куди б'єш.\nОдним ударом вона проноситься крізь ворогів\nі зникає, перш ніж ті впадуть -\nале багато ударів вона не витримає.
2009	Вбрана в срібло й золото, вона володіє\nвеликим мечем, що, кажуть, убиває драконів.\nПроте її легенда ще не\nназдогнала її обладунок.
2010	Самотній мечник, що йде власним шляхом.\nСкільки б разів він не падав,\nвін знову підводиться - бо ще є\nдальнє місце, до якого треба дійти.
2011	Нічний аристократ, якому не потрібен клинок.\nКожна завдана рана живить його кров,\nа довгий бій лише робить його швидшим -\nале кожну битву він починає голодним.
