8000	Dung hợp
8001	Gacha
8002	Chạm thẻ để chọn → chạm lần nữa để xác nhận
8003	Góc nhìn chạy màn hình dọc
8004	Nhìn ngang
8005	Nhìn chéo từ trên
8006	Nhìn ngang: đường chạy sang ngang. Dễ thấy chỗ đặt chân và các tầng trên/dưới
8007	Nhìn chéo từ trên: đường kéo dài vào xa. Sớm thấy kẻ địch và hố phía trước
8008	Thay đổi khi đang chạy sẽ áp dụng khi đóng Cài đặt
8009	Dùng cho lượt chạy màn hình dọc
8010	Dùng khi màn hình dọc (hiển thị màn hình ngang không đổi)
8011	Xuất phát tốc hành
8012	→ ngay trước cửa ải {0}m
8013	Thưởng {0}/{1}    Vòng {2}/{3}{4}
8014	+{0} thẻ nữa
8015	Dùng {0} chỉnh độ cao để chui qua vòng
8016	(Lỡ cũng không mất gì)
8017	Hãy chọn thẻ từ danh sách phía trên.
