0	絕對零度
1	凍結的小怪會碎裂並造成傷害，對寒冷/凍結敵人的攻擊提升(每1Lv +3%)。對首領則強化取代凍結的減速效果
2	腎上腺素
3	HP50%以下時攻擊速度提升(每1Lv +3%)，HP25%以下時效果加倍
4	空中追斬
5	在空中命中敵人時，追加一道追擊斬(威力和範圍隨Lv提升)
6	空中攻擊提升
7	空中攻擊力提升(每1Lv +7%)
8	制空霸權
9	空中攻擊提升(每1Lv +3%)，不落地連續命中越多提升越多(每次+1%/Lv，最多4次)
10	對空打擊
11	對空中敵人(被擊飛的敵人/飛行敵人/空中首領)的攻擊提升(每1Lv +8%)
12	攻擊範圍提升
13	實際攻擊範圍擴大(每1Lv +3%)。近戰擴大判定，遠程增加飛行距離(子彈不會變大)
14	攻擊速度提升
15	攻擊速度提升(每1Lv +3%)
16	攻擊提升
17	攻擊力提升(每1Lv +5%)
18	狂暴驅動
19	HP50%以下時攻擊力(每1Lv +5%)與攻擊速度(+2%)提升，HP25%以下時兩者進一步提升
20	狂戰士
21	攻擊力(每1Lv +6%)與攻擊速度(+1%)提升。每3Lv封印1顆最大HP的心
22	鮮血之刃
23	攻擊會造成出血(機率與威力隨Lv提升)。HP全滿時出血機率加倍。滿HP時攻擊也小幅提升(+2%/Lv)
24	鮮血狂襲
25	HP50%以下時攻擊力提升(每1Lv +4%)，HP25%以下時吸收機率也提升(+3%/Lv)
26	首領挑戰
27	首領HP提升(每1Lv +10%)，換來首領MILE增加(+40%/Lv)
28	首領殺手
29	對首領的攻擊力提升(每1Lv +8%)
30	首領連戰
31	首領關口有機率(每1Lv +8%)多出1隻首領。首領MILE增加(+50%/Lv)
32	制動攻擊
33	攻擊力提升(每1Lv +7%)。主攻擊後會稍微減速
34	燃燒之魂
35	燃燒更強(每1Lv +8%)、更久(+0.25秒/Lv)。本卡自身也能少量施加燃燒
36	連鎖爆炸
37	擊敗敵人時引發爆炸。被爆炸擊敗的敵人也會接連爆炸(最多3次，同一連鎖中對同一敵人僅1次)
38	連鎖閃電
39	落雷會連鎖至附近其他敵人(每3Lv +1個目標，觸及距離也隨Lv延伸)。本卡自身也能少量引發落雷
40	Gauge達到100%時發動(左下按鈕)。以角色專屬必殺技攻擊畫面內敵人並大幅前進(Lv1 約100m → Lv9 約200m)，之後持續強化一段時間(Lv1 5秒 → Lv9 12秒)。Gauge透過距離、擊敗敵人、對首領造成傷害來累積
41	千鈞一髮
42	移動速度(每1Lv +2%)與受擊後的無敵時間(每1Lv +0.05秒)提升
43	COMBO之刃
44	連續命中(HIT數)越多攻擊力越高(每命中1次+0.4%/Lv，最多10次)
45	COMBO大師
46	收尾一擊會向前方釋放特殊衝擊(威力和範圍隨Lv提升)
47	COMBO強化
48	攻擊流程中的最後一擊(收尾)增強(每1Lv +7%)
49	COMBO突襲
50	連擊途中的攻擊增強(每1Lv +6%)，主攻擊的攻擊速度也小幅提升(+2%/Lv)
51	反擊
52	用Shield格擋時，向周圍釋放反擊衝擊(威力隨Lv提升)。即使沒有Shield也能持有1個
53	死亡契約
54	攻擊力大幅提升(每1Lv +12%)。每2Lv封印1顆最大HP的心
55	雙重攻擊
56	攻擊時有機率(每1Lv +3%)追加1擊。追加的1擊不會再觸發追加
57	精英敵人
58	部分小怪變為精英(每1Lv +4%。HP×2.5・稍快，擊敗可得MILE×3/經驗值×2)。MILE也增加(+30%/Lv)
59	處刑者
60	擊敗敵人獲得的MILE增加(每1Lv +15%)
61	EXP轉換
62	經驗值減少(每1Lv -10%，最低25%)，換來擊敗敵人的MILE增加(+30%/Lv)
63	EXP提升
64	獲得的經驗值增加(每1Lv +20%)
65	經驗爆發
66	敵人/首領/BONUS ZONE 的經驗值大幅增加(每1Lv +80%)
67	迅捷敵人
68	小怪的移動、追蹤、攻擊變快(每1Lv +4%)，換來MILE(+15%/Lv)與擊敗經驗值(+5%/Lv)增加
69	先發制人
70	攻擊流程的第1擊(首擊)增強(每1Lv +10%)
71	烈焰之刃
72	火焰入門。命中時使敵人燃燒(機率 15%+5%/Lv，每秒 5+1.5/Lv 傷害，持續3秒)
73	烈焰反擊
74	用Shield格擋時，向周圍釋放火焰反擊(威力隨Lv提升)，被擊中的敵人會燃燒。即使沒有Shield也能持有1個
75	要塞
76	最大HP增加(每1Lv 心+1)，受擊硬直減少(+5%/Lv)，但移動速度下降(每1Lv -3%)
77	霜之刃
78	冰霜入門。命中時使敵人寒冷(機率 15%+5%/Lv，行動減慢 25%+2%/Lv)。寒冷疊加後凍結(首領不會停下，改為強力減速)
79	疾風
80	風刃更快(每1Lv +5%)、更遠(+0.4m/Lv)，可貫穿更多敵人(每3Lv +1)。遠程攻擊的貫穿也增加
81	巨人殺手
82	攻擊力大幅提升(每1Lv +9%)，但攻擊速度下降(每1Lv -3%)
83	玻璃大砲
84	攻擊力大幅提升(每1Lv +9%)。每2Lv封印1顆最大HP的心
85	貪婪
86	移動速度提升(每1Lv +4%)，但敵人出現增加(+8%/Lv)
87	裂地者
88	下砸落地與地面收尾時，釋放沿地面推進的衝擊波(威力和長度隨Lv提升)。地面攻擊也小幅提升(+2%/Lv)
89	地面鬥士
90	地面攻擊力提升(每1Lv +7%)
91	原爆點
92	地面攻擊力大幅提升(每1Lv +11%)，但空中攻擊力下降(每1Lv -5%)
93	碎心者
94	攻擊力提升(每1Lv +4%)，每封印1顆心，攻擊再+0.6%/Lv。每3Lv封印1顆最大HP的心
95	心數提升
96	最大HP增加(每1Lv 心+1，最多20顆心)，並回復HP
97	重甲
98	強力攻擊(2顆心以上)的傷害減輕1顆心。最大HP也增加(每2Lv 心+1)，但跳躍力下降(每1Lv -3%)
99	沉重衝擊
100	下攻擊/下砸/落地的衝擊增強(每1Lv +10%)。收尾一擊也小幅提升(+3%/Lv)
101	地獄模式
102	小怪的HP(+12%/Lv)、行動(+4%/Lv)、出現(+8%/Lv)提升，換來MILE(+50%/Lv)與首領MILE(+30%/Lv)大幅增加
103	高壓電
104	雷電增強(每1Lv +5%)。落雷會讓小怪短暫停頓。落雷機率也小幅提升(+1%/Lv)
105	怪潮
106	敵人出現大幅增加(每1Lv +15%)，換來MILE(+5%/Lv)與擊敗經驗值(+5%/Lv)增加
107	獵人
108	首領戰中更好行動。攻擊的前進/後退距離延長(每1Lv +4%)，接近遠處首領的速度也提升(+3%/Lv)
109	冰獄
110	更容易凍結(所需寒冷次數每3Lv -1)。寒冷的機率與持續時間也提升
111	煉獄
112	擊敗燃燒中的敵人時，火焰向周圍蔓延並使其燃燒(威力和範圍隨Lv提升)。本卡自身也能少量施加燃燒
113	鋼鐵意志
114	HP全滿時攻擊力提升(每1Lv +5%)。最大HP也增加(每3Lv 心+1)
115	跳躍次數提升
116	空中跳躍增加(每1Lv +1次)。連續跳躍會逐漸減弱，但掉進坑裡時不會減弱。女魔法師每3Lv可上升高度+1段
117	跳躍力提升
118	跳躍力提升(每1Lv +3%)。女魔法師的高度升降變快
119	HP只剩1顆心的瞬間獲得短暫無敵(1秒+每1Lv 0.15秒)。HP回復並經過一段時間前不會再次觸發
120	背水一戰
121	HP50%以下時攻擊力提升(每1Lv +4%)，HP25%以下時進一步提升(+4%/Lv)
122	等級突破
123	獲得的經驗值大幅增加(每1Lv +30%)
124	長刃
125	實際攻擊範圍大幅擴大(每1Lv +5%)
126	長途跋涉
127	經驗值(每1Lv +15%)與最大HP(每3Lv 心+1)增加
128	雜兵殺手
129	對首領以外敵人的攻擊(每1Lv +5%)與擊敗敵人的MILE(每1Lv +10%)提升
130	衝勢
131	當前速度轉化為攻擊力。超過100km/h開始提升，150km/h時達到最大(每1Lv +4%)。之後成長趨緩
132	怪物突襲
133	敵人出現增加(每1Lv +10%)，換來經驗值增加(+15%/Lv)
134	敵人增多
135	敵人出現增加(每1Lv +10%)。擊敗敵人的MILE也小幅增加(+3%/Lv)
136	義無反顧
137	移動速度大幅提升(每1Lv +5%)，但敵人出現增加(+10%/Lv)
138	ONE MORE MILE
139	MILE(每1Lv +50%)・首領MILE(+50%)・經驗值(+20%)增加
140	持續保持115km/h以上即進入OVERDRIVE(攻擊 每1Lv +3%，攻擊速度 +2%)。減速後解除。移動速度也小幅提升(每1Lv +2%)
141	過量治療
142	回復量增加(Lv4〜6 +1、Lv7〜9 +2顆心)。滿HP時溢出的回復轉化為1個Shield
143	群魔亂舞
144	小怪的HP/行動/出現/精英、首領HP全部提升，換來MILE(+60%/Lv)與首領MILE(+60%/Lv)極大增加
145	開拓者
146	奔跑距離獲得的經驗值增加(每1Lv +20%)
147	完美防禦
148	使用Shield時獲得短暫無敵(0.4秒+每1Lv 0.1秒)。即使沒有Shield也能持有1個
149	倒下時復活一次(HP隨Lv為1〜5顆心)。復活後本卡移除，並會再次出現在候選中(重新獲得時從Lv1開始)
150	貫穿之刃
151	攻擊會貫穿敵人。近戰波及命中敵人的後方(數量與威力隨Lv提升)，遠程增加貫穿次數(每3Lv +1)
152	掠食者
153	吸收機率提升(每1Lv +3%)。攻擊首領時也會不時進行吸收判定
154	疾速之刃
155	主攻擊(前/後)的攻擊速度提升(每1Lv +5%)。對上/下/下砸/大招無效
156	倒檔
157	攻擊力提升(每1Lv +8%)，但移動速度下降(每1Lv -3%)
158	HP降到30%以下時少量回復HP(1〜3顆心)。觸發後需經過一段距離冷卻(10,000m，隨Lv縮短)
159	護盾
160	可抵擋1次受擊的Shield。上限每3Lv +1(最多3個)，消耗後會隨時間恢復(隨Lv變快)
161	衝擊波
162	近戰命中時向前方釋放短衝擊波，遠程則在著彈點周圍釋放衝擊波(威力和範圍隨Lv提升)
163	天空大師
164	空中攻擊提升(每1Lv +4%)。空中命中時恢復1次空中跳躍(每次滯空每3Lv 1次)
165	天空跑者
166	跳躍力(每1Lv +2%)與空中攻擊(每1Lv +3%)提升
167	沖天
168	空中攻擊力大幅提升(每1Lv +11%)，但地面攻擊力下降(每1Lv -5%)
169	音速之刃
170	每次主攻擊都會向前方飛出斬擊。奔跑越快，飛得越遠、越大、越強
171	減速
172	移動速度下降(每1Lv -4%)。單人遊玩時幾乎沒有理由選擇的特殊卡牌
173	加速
174	移動速度提升(每1Lv +3%)
175	漫漫長路
176	經驗值(每1Lv +40%)與最大HP(每2Lv 心+1)增加
177	雷霆領主
178	雷電的進階。威力(每1Lv +4%)、連鎖(每3Lv +1個目標)、落雷周圍的範圍增強
179	雷擊
180	雷電入門。命中時引發落雷(機率 5%+2%/Lv，威力 7.5+1.5/Lv。對同一敵人每0.4秒最多1次)
181	龍捲風
182	風刃命中處會生成小型龍捲風，捲入周圍敵人(威力和範圍隨Lv提升)。本卡自身也能少量發出風刃
183	強韌敵人
184	小怪HP提升(每1Lv +15%)，換來MILE(+15%/Lv)與擊敗經驗值(+5%/Lv)增加
185	尋寶獵人
186	寶物・獎勵(BONUS ZONE 的運寶哥布林/黃金史萊姆/寶箱怪/CLEAR/PERFECT、「懸賞」的賞金)的MILE增加(每1Lv +30%)。首領與距離的MILE也小幅增加
187	萬能
188	攻擊力(每1Lv +3%)・最大HP(每2Lv 心+1)・移動速度(每1Lv +2%)一併提升的萬能卡牌
189	吸血鬼
190	擊敗敵人時有機率(每1Lv +3%)回復1顆心的HP
191	懸賞
192	每隔一定距離出現懸賞目標(隨Lv變強、更頻繁)。擊敗可獲賞金，錯過則讓其逃脫。MILE增加(+35%/Lv)
193	風切
194	風之入門。命中時向前方飛出貫穿的風刃(機率 10%+3%/Lv，威力 8+1.5/Lv)。攻擊範圍也小幅擴大(+1%/Lv)
195	遊俠
196	拉弓、瞄準、貫穿
197	'來自密林深處的遊俠
198	狙擊
199	龍槍騎士
200	突破一切，絕不退讓
201	'手持長槍的年輕龍騎士
202	突破
203	龍人
204	爪、尾、翼、焰
205	'流淌著龍之血的戰士。
206	蠻力
207	雙劍士
208	迅捷雙刃，永不停歇
209	'連擊不斷的迅捷雙劍使
210	地面COMBO
211	格鬥家
212	以拳還拳
213	'以拳而戰的武術家
214	槍手
215	一發一中，一槍致遠
216	'雙槍在手，一道銳利火線。
217	遠程
218	女魔法師
219	浮於高空，擊於腳下
220	'從不落地的女魔法師。
221	飛行法師
222	巫女
223	封印前路
224	'山中神社的驅魔師。
225	封印師
226	忍者
227	隱、斬、隱
228	'你永遠打不中的忍者。
229	機動
230	貴族千金
231	尚未覺醒的英雄
232	'身披銀與金，她揮舞著一把
233	貴族騎士
234	劍士
235	永不止步之人
236	'走自己道路的孤獨劍士。
237	均衡
238	越久越強
239	'無需刀刃的暗夜貴族。
240	鮮血
241	角色卡牌
242	選擇角色
243	選擇
244	生命
245	力量
246	選擇關卡
247	出發
248	推薦配置
249	全部卸下
250	是
251	否
252	最終迴廊
253	敵人: 全關卡敵人混合出現(強化)
254	特點: 崩塌的地面・墜落的建築・漂浮的迴廊
255	路線: 巨大的古代迴廊 → 崩塌 → 深淵 → 最後之路
256	天然洞窟
257	敵人: 螞蟻 / 跳蟲 / 蝙蝠 / 蠕蟲
258	特點: 岩石洞頂・洞頂尖刺・黑暗與火把
259	路線: 單行道(來自地面・空中・地下・洞頂的威脅)
260	天空迴廊
261	敵人: 哥布林系 + 隨距離推進逐步解鎖
262	特點: 岩石與雲朵的浮空落腳處、高空之路
263	路線: 越往前危險度越高
264	荒野街道
265	敵人: 哥布林 / 鳥
266	障礙物: 石頭・小樹・牆壁・可破壞的樹・巨石・坑洞
267	路線: 上 Easy / 下 Danger
268	你倒下了。點擊「同條件再戰」可立即重來
269	HP已完全回復
270	已清除所有敵人及敵人的攻擊(不計入擊敗用時)
271	造成傷害 {0}    受到傷害 {1}    {2}秒
272	無敵
273	≡ 設定
274	同條件再戰
275	清除全部敵人
276	返回主畫面
277	全滅  {0}秒
278	對手
279	詳情
280	結果
281	可自由試用角色和卡牌的練習場
282	以此設定開始
283	開始
284	試用
285	(試用)
286	搜尋
287	<color=#8ce6ff>試用</color>
288	+ 新增
289	複製目前牌組
290	複製角色卡
291	試用構築({0}張)
292	全部卸下
293	Lv = 本局中獲得的次數(每種能力最多9)。持有卡牌與牌組不會改變
294	點擊左側列表的「+ 新增」放入卡牌。不帶卡牌也能試用
295	持有卡的複製(合成Lv{0}・{1}種能力)
296	已將牌組中的{0}張複製到試用構築(牌組不變)
297	已複製{0}張角色卡(開局時的Lv)
298	練習靶
299	小怪
300	荒野首領
301	洞窟首領
302	天空首領
303	不動的靶子: 不會攻擊(碰到也不受傷)・不會倒下。用於確認攻擊效果。奔跑時會與玩家保持距離
304	數量
305	行動強度
306	階段
307	首領會以各自的登場動作從前方出現
308	洞窟/天空首領利用地形的招式(坑洞/洞頂/落石/空中光帶等)，在平坦的競技場中表現與正篇不同
309	首領最多1種(可與小怪同時出場)
310	加入對手
311	首領最多1種(已替換之前的首領)
312	目前對手({0})
313	沒有對手(直接開始可在沒有敵人的情況下試驗動作)
314	敵人強度: 相當於{0}km處(HP/攻擊與正篇該距離相同)
315	速度
316	停止(0km/h)
317	奔跑(基準速度+修正)
318	奔跑(固定速度)
319	僅停止自動前進(攻擊/跳躍/重力/硬直/敵人行動與正篇相同)
320	以基準速度乘上角色/卡牌速度修正(「加速」等)後的速度奔跑
321	不加修正，保持此速度奔跑(用於排除速度卡牌差異進行比較)
322	目前: 基準 {0}km/h → 實際 {1}km/h(修正 ×{2})
323	無敵 / HP
324	無敵: {0}
325	HP全回復
326	無敵時「原本受到的傷害」也會顯示在結果中
327	操作輔助(與設定中的「高速自動輔助」相同。僅在競技場內生效・不變更設定)
328	OFF
329	ON
330	始終(開發版)
331	生效速度 {0}km/h~
332	競技場暫不支援: FINAL EVOLUTION / AWAKENED / Mastery / ULTIMATE 能量條 / 升級 / 首領獎勵 / BONUS ZONE(卡牌僅有一般 Lv 效果與 COMBO。獎勵・紀錄・持有均不會改變)
333	僅開發版
334	可選未遭遇的敵人: {0}
335	固定亂數: {0}
336	破壞障礙物輔助: {0}
337	倒下
338	全滅 {0}秒
339	結束
340	戰鬥中
341	本次: {0}
342	造成傷害
343	命中數
344	擊敗數
345	擊敗用時
346	受到傷害(HP減少量)
347	原本受到的傷害(含無敵/Shield)
348	戰鬥時間
349	{0}秒
350	{0}({1}次)
351	本次
352	上次
353	本次條件: {0}
354	試用構築: {0}
355	上次條件: {0}
356	上次構築: {0}
357	變更設定
358	？？？(尚未遭遇)
359	不動的靶子
360	{0} / 卡牌{1}張 / {2} / 相當於{3}km處
361	無卡牌
362	(持有卡的複製)
363	正在準備競技場
364	競技場
365	寶箱怪 KO
366	哥布林
367	史萊姆
368	妖精
369	寶箱怪
370	MILE
371	EXP
372	JACKPOT!!
373	BONUS ZONE!
374	PERFECT:
375	JACKPOT CLEAR!
376	BONUS CLEAR!
377	JACKPOT  PERFECT!
378	PERFECT BONUS!
379	JACKPOT 結果
380	BONUS 結果
381	敵人
382	CLEAR
383	PERFECT
384	合計
385	隨機
386	結束
387	距恢復奔跑 {0}
388	現行
389	{0}發
390	(固定)
391	作為素材的卡牌正在牌組/角色卡中使用
392	已達成AWAKENED(★5)，Mastery無法繼續提升(不會消耗卡牌。★5後多餘卡牌的用途將在日後追加)
393	合成後Lv將為{0}，無法合成(上限Lv.{1})
394	合成後能力將達{0}種，無法合成(上限{1}種)
395	正在合成
396	卡牌不足
397	<color=#ffd76a><b>【MASTERY】 Lv.9 MAX 的培養</b></color>
398	主卡保持不變(Lv.9 MAX)，僅消耗素材卡。
399	目前 Mastery: <color=#ffd76a>{0}</color>  {1}
400	本次合成: <b>+{0} Mastery</b>(素材 Lv.{1} = {2}張份)
401	合成後: <color=#ffd76a>{0}</color>  {1}
402	<size=19>(相當於★{0}個，餘量結轉至下一個★)</size>
403	<size=19>★5 之後剩餘的 {0} 不會捨棄，將予以保管</size>
404	<color=#ff9a8a><size=19>素材的副能力({0}種)不會被繼承</size></color>
405	<size=19>Mastery 不會提升一般性能(攻擊/速度/EXP 等)。它是培養的紀錄，也是通往 AWAKENED 的道路。</size>
406	<color=#ff9a8a>執行後將消耗1張素材卡。</color>
407	<color=#ffd76a><b>【同名強化 → Lv.9 MAX】 成功率 100%</b></color>
408	合成Lv: Lv.{0} + Lv.{1} → <b>Lv.9 MAX</b>
409	超過 Lv.9 的 <b>{0}</b> 不會捨棄，轉入 Mastery: {1} → <color=#ffd76a>{2}</color>{3}
410	<b>繼承的能力(強化量最高9)</b>
411	・{0} <b>×{1}</b>
412	<color=#ff9a8a>執行後將消耗所選的2張卡(獲得1張成品卡 Lv.9 MAX)。</color>
413	<color=#ffd76a><b>【同名強化】 成功率 100%</b></color>
414	合成Lv: Lv.{0} + Lv.{1} → <b>Lv.{2}</b>
415	<b>繼承的能力(相同能力的強化量合計)</b>
416	・{0} {1}<b>×{2}</b>  <size=18>({3} ×{4})</size>
417	<color=#9fd0ff><b>【異名合成】 結果由抽選決定</b></color>
418	<b>成品卡的合成Lv(依結果)</b>
419	・雙方成功: Lv.{0} + Lv.{1} → <b>Lv.{2}</b>
420	・僅主卡成功: <b>Lv.{0}</b>(僅主卡的Lv)
421	・僅素材成功: <b>Lv.{0}</b>(僅素材的Lv)
422	・雙方失敗: 無成品卡・返還 <color=#ffd76a>{0} MILE</color>
423	<b>主卡 全部能力 繼承率 {0}%</b>
424	・{0} ×{1}  <size=18>({2} ×{3})</size>
425	<b>素材 全部能力 繼承率 {0}%</b>
426	雙方成功: 繼承雙方全部能力(相同能力的強化量合計)
427	僅一方成功: 僅繼承成功一方的能力・強化量・Lv(失敗一方不保留)
428	僅素材成功時，素材的主能力將成為成品卡的主能力
429	<size=18>(雙方失敗的返還 =★{0}×Lv.{1}×{2} + ★{3}×Lv.{4}×{5})</size>
430	<color=#ff9a8a>執行後將消耗所選的2張卡。</color>
431	未持有此卡牌
432	正在牌組和角色卡中使用，無法選擇
433	已裝備在角色卡中，無法選擇
434	正在牌組中使用，無法選擇
435	需要2張性能相同的卡牌(持有1張)
436	請選擇主卡和素材卡
437	無法讀取卡牌資訊
438	MASTERY UP！
439	合成大成功！
440	合成成功！
441	<size=21>前進了★{0}個(餘量結轉至下一個★)</size>
442	<size=21>★5 之後剩餘的 {0} 已保管(可用於日後的新用途)</size>
443	<size=21>此卡牌已成為 AWAKENED(永久紀錄。一般性能不變)</size>
444	主卡(Lv.9 MAX)保持不變，消耗了1張素材卡。
445	<size=21>Mastery 不會提升一般性能(攻擊/速度/EXP 等)。</size>
446	合成Lv.<b>{0}</b>{1}
447	<color=#ffd76a>同名強化(必定成功)</color> … 繼承雙方全部能力
448	主卡({0} Lv.{1}): {2}
449	素材({0} Lv.{1}): {2}
450	僅主卡的Lv
451	僅素材的Lv
452	<size=21>成品Lv.{0} = {1}</size>
453	<b>主能力</b>
454	<b>副能力 ({0}/{1})</b>
455	無
456	合成失敗…
457	主卡({0} Lv.{1}): <color=#9aa3b8>繼承失敗</color>
458	素材({0} Lv.{1}): <color=#9aa3b8>繼承失敗</color>
459	所選的2張卡牌已被消耗。
460	返還MILE  <color=#ffd76a><b><size=40>+{0}</size></b></color>
461	持有MILE  <b>{0}</b>
462	<color=#ffd76a><b>強化 ×{0}→×{1}</b></color>
463	・{0} ×{1}{2}  <size=21><color=#b7bfd8>({3} ×{4})</color></size>
464	返回
465	卡牌合成
466	排序
467	主卡
468	素材
469	卡牌
470	選擇中
471	合成
472	跳過 ▶▶
473	繼續合成
474	返回列表
475	持有MILE  {0}
476	{0}種 / 共{1}張
477	主卡
478	素材卡
479	全部
480	移動
481	攻擊
482	防禦
483	成長
484	回復
485	特殊
486	風險
487	請選擇2張卡牌
488	無法合成
489	名稱
490	等級
491	稀有度
492	持有數量
493	持有{0}  可用<color=#{1}
494	能力{0}
495	主卡+素材
496	使用中
497	<color=#ffd76a><b>{0}</b></color>  <b>{1}</b>  {2}  合成Lv.{3}{4}
498	主能力: {0}
499	副能力({0}):
500	・{0}
501	副能力: 無
502	<size=19><color=#b7bfd8>持有{0}張 / 可用{1}張</color></size>
503	請從左側列表選擇卡牌。
504	卡牌會放入目前選中的欄位(發光的欄位)。點擊欄位可切換放入位置，點擊×可取消選擇。
505	・相同卡牌 … 成功率100%，合成Lv與全部能力合計
506	・不同卡牌 … 主卡50%/素材25%的機率繼承全部能力(抽選)。僅一方成功時，只保留成功一方的Lv與能力
507	・合成Lv上限為Lv.9。相同卡牌超過 Lv.9 的部分不會捨棄，轉入 Mastery(不同卡牌合計超過 Lv.9 的組合無法合成)
508	・對 Lv.9 MAX 的卡牌合成相同卡牌可提升 Mastery(★5 時 AWAKENED)
509	<size=19>已達到★5(AWAKENED)。★5 之後多餘卡牌的用途將在日後追加(目前合成不會消耗)。</size>
510	選擇相同卡牌({0})作為素材，Mastery 將提升與素材Lv相同的數值(Lv.1 = +1)。
511	接下來請選擇素材卡。
512	接下來請選擇主卡。
513	此卡牌已 AWAKENED(★5)
514	已將成品卡設為主卡。請選擇素材卡
515	必定強化
516	AWAKENED！
517	Lv.9 MAX 達成！
518	同名強化 完成！
519	大成功！ 繼承雙方能力
520	繼承主卡能力
521	繼承素材能力
522	繼承失敗…  卡牌已返還為MILE
523	{0} 繼承成功！
524	{0} 繼承失敗
525	速度特化
526	防禦特化
527	鮮血特化
528	火焰特化
529	冰霜特化
530	雷電特化
