7000	本次距离不计入正式记录(BEST・累计・解锁)
7001	保留的: 已确定的记录・卡牌・MILE(钱包 {0})
7002	排行榜
7003	将以此名称参加。参加后，成功返回后确定的记录(各地图最远到达距离・使用的角色・是否使用AUTO/疾驰出发)将与代号一同公开。
7004	参加排行榜后，代号和记录(各地图最远到达距离・使用的角色・是否使用AUTO/疾驰出发)将会公开。不参加也可以正常游玩并使用本机记录。
7005	代号
7006	最多{0}个字。请勿输入真实姓名等个人信息。
7007	参加需要代号
7008	参加
7009	下一步
7010	你
7011	你: 有待上传的记录
7012	你: 暂无记录
7013	待上传
7014	发送中…
7015	重新发送
7016	加载中…
7017	无法加载排行榜。请检查网络连接
7018	重试
7019	暂无记录
7020	刷新
7021	退出排行榜
7022	无法联网时会保留在待上传中，稍后发送
7023	条件达成！返回后即可确定
7024	AUTO模式
7025	AUTO启动速度
7026	首领战中也AUTO
7027	自动攻击
7028	自动闪避
7029	奔跑速度超过启动速度后，只自动执行设为ON的操作。
7030	自动攻击: 攻击前方的敌人・可破坏的障碍物・首领。
7031	自动闪避: 跳过坑洞・障碍物・墙壁・尖刺。首领战中也会闪避子弹和攻击范围。
7032	不会闪避普通敌人的攻击。并非一定能闪避。
7033	自己的操作优先。首领战为OFF时，首领战期间不自动操作。
7034	※ 首领战中也AUTO在与首领战斗期间不论速度都会生效。
7035	个人资料
7036	保存
7037	在排行榜和多人游戏中显示的名称(最多{0}个字)。不设置也能游玩。
7038	请勿输入真实姓名等个人信息。
7039	名
7040	新角色:\x20
